timestamp,bar_start,session,session_open,session_close,open,close,high,low,volume,bid,ask,instrument_id,symbol
2024-01-02 08:05:00+00:00,2024-01-02 08:00:00+00:00,2024-01-02,2024-01-02 08:00:00+00:00,2024-01-02 16:30:00+00:00,100.0,100.05939499822816,100.08941281672762,99.97,24398,100.03938311922852,100.0794068772278,ZZ0000000008:XETR:EUR,DEMO
2024-01-02 08:10:00+00:00,2024-01-02 08:05:00+00:00,2024-01-02,2024-01-02 08:00:00+00:00,2024-01-02 16:30:00+00:00,100.05939499822816,100.01117926271412,100.08941281672762,99.98117590893531,14968,99.99117702686158,100.03118149856667,ZZ0000000008:XETR:EUR,DEMO
2024-01-02 08:15:00+00:00,2024-01-02 08:10:00+00:00,2024-01-02,2024-01-02 08:00:00+00:00,2024-01-02 16:30:00+00:00,100.01117926271412,100.10627116137019,100.1363030427186,99.98117590893531,16661,100.08624990713791,100.12629241560246,ZZ0000000008:XETR:EUR,DEMO
2024-01-02 08:20:00+00:00,2024-01-02 08:15:00+00:00,2024-01-02,2024-01-02 08:00:00+00:00,2024-01-02 16:30:00+00:00,100.10627116137019,100.21669435445024,100.24675936275658,100.07623928002178,14895,100.19665101557935,100.23673769332113,ZZ0000000008:XETR:EUR,DEMO
2024-01-02 08:25:00+00:00,2024-01-02 08:20:00+00:00,2024-01-02,2024-01-02 08:00:00+00:00,2024-01-02 16:30:00+00:00,100.21669435445024,100.09542259418048,100.24675936275658,100.06539396740223,15922,100.07540350966164,100.11544167869931,ZZ0000000008:XETR:EUR,DEMO
2024-01-02 08:30:00+00:00,2024-01-02 08:25:00+00:00,2024-01-02,2024-01-02 08:00:00+00:00,2024-01-02 16:30:00+00:00,100.09542259418048,100.02620616843217,100.12545122095872,99.99619830658165,13225,100.00620092719848,100.04621140966586,ZZ0000000008:XETR:EUR,DEMO
2024-01-02 08:35:00+00:00,2024-01-02 08:30:00+00:00,2024-01-02,2024-01-02 08:00:00+00:00,2024-01-02 16:30:00+00:00,100.02620616843217,100.07145548474558,100.10147692139101,99.99619830658165,10730,100.05144119364864,100.09146977584253,ZZ0000000008:XETR:EUR,DEMO
2024-01-02 08:40:00+00:00,2024-01-02 08:35:00+00:00,2024-01-02,2024-01-02 08:00:00+00:00,2024-01-02 16:30:00+00:00,100.07145548474558,100.08116347982248,100.11118782886642,100.04143404810016,28800,100.06114724712651,100.10117971251844,ZZ0000000008:XETR:EUR,DEMO
2024-01-02 08:45:00+00:00,2024-01-02 08:40:00+00:00,2024-01-02,2024-01-02 08:00:00+00:00,2024-01-02 16:30:00+00:00,100.08116347982248,100.114852372361,100.1448868280727,100.05113913077854,11486,100.09482940188653,100.13487534283547,ZZ0000000008:XETR:EUR,DEMO
2024-01-02 08:50:00+00:00,2024-01-02 08:45:00+00:00,2024-01-02,2024-01-02 08:00:00+00:00,2024-01-02 16:30:00+00:00,100.114852372361,100.08157620857996,100.1448868280727,100.0515517357174,27759,100.06155989333824,100.10159252382168,ZZ0000000008:XETR:EUR,DEMO
2024-01-02 08:55:00+00:00,2024-01-02 08:50:00+00:00,2024-01-02,2024-01-02 08:00:00+00:00,2024-01-02 16:30:00+00:00,100.08157620857996,100.18706954843306,100.21712566929759,100.0515517357174,10061,100.16703213452337,100.20710696234275,ZZ0000000008:XETR:EUR,DEMO
2024-01-02 09:00:00+00:00,2024-01-02 08:55:00+00:00,2024-01-02,2024-01-02 08:00:00+00:00,2024-01-02 16:30:00+00:00,100.18706954843306,100.28452214422342,100.31460750086669,100.15701342756853,25547,100.26446523979457,100.30457904865226,ZZ0000000008:XETR:EUR,DEMO
2024-01-02 09:05:00+00:00,2024-01-02 09:00:00+00:00,2024-01-02,2024-01-02 08:00:00+00:00,2024-01-02 16:30:00+00:00,100.28452214422342,100.32492735009353,100.35502482829855,100.25443678758015,16568,100.30486236462352,100.34499233556355,ZZ0000000008:XETR:EUR,DEMO
2024-01-02 09:10:00+00:00,2024-01-02 09:05:00+00:00,2024-01-02,2024-01-02 08:00:00+00:00,2024-01-02 16:30:00+00:00,100.32492735009353,100.45059202509069,100.4807272026982,100.29482987188851,20353,100.43050190668566,100.47068214349571,ZZ0000000008:XETR:EUR,DEMO
2024-01-02 09:15:00+00:00,2024-01-02 09:10:00+00:00,2024-01-02,2024-01-02 08:00:00+00:00,2024-01-02 16:30:00+00:00,100.45059202509069,100.52334533825787,100.55350234185934,100.42045684748317,15644,100.50324066919022,100.54345000732552,ZZ0000000008:XETR:EUR,DEMO
2024-01-02 09:20:00+00:00,2024-01-02 09:15:00+00:00,2024-01-02,2024-01-02 08:00:00+00:00,2024-01-02 16:30:00+00:00,100.52334533825787,100.48943106896692,100.55350234185934,100.45928423964624,19812,100.46933318275313,100.50952895518071,ZZ0000000008:XETR:EUR,DEMO
2024-01-02 09:25:00+00:00,2024-01-02 09:20:00+00:00,2024-01-02,2024-01-02 08:00:00+00:00,2024-01-02 16:30:00+00:00,100.48943106896692,100.55426772263336,100.58443400295015,100.45928423964624,19031,100.53415686908883,100.57437857617788,ZZ0000000008:XETR:EUR,DEMO
2024-01-02 09:30:00+00:00,2024-01-02 09:25:00+00:00,2024-01-02,2024-01-02 08:00:00+00:00,2024-01-02 16:30:00+00:00,100.55426772263336,100.51233467200275,100.58443400295015,100.48218097160115,20594,100.49223220506835,100.53243713893715,ZZ0000000008:XETR:EUR,DEMO
2024-01-02 09:35:00+00:00,2024-01-02 09:30:00+00:00,2024-01-02,2024-01-02 08:00:00+00:00,2024-01-02 16:30:00+00:00,100.51233467200275,100.61820578034879,100.6483912420829,100.48218097160115,17865,100.59808213919273,100.63832942150485,ZZ0000000008:XETR:EUR,DEMO
2024-01-02 09:40:00+00:00,2024-01-02 09:35:00+00:00,2024-01-02,2024-01-02 08:00:00+00:00,2024-01-02 16:30:00+00:00,100.61820578034879,100.64940822495726,100.67960304742473,100.58802031861468,20731,100.62927834331227,100.66953810660225,ZZ0000000008:XETR:EUR,DEMO
2024-01-02 09:45:00+00:00,2024-01-02 09:40:00+00:00,2024-01-02,2024-01-02 08:00:00+00:00,2024-01-02 16:30:00+00:00,100.64940822495726,100.66975254366784,100.69995346943094,100.61921340248978,26509,100.6496185931591,100.68988649417658,ZZ0000000008:XETR:EUR,DEMO
2024-01-02 09:50:00+00:00,2024-01-02 09:45:00+00:00,2024-01-02,2024-01-02 08:00:00+00:00,2024-01-02 16:30:00+00:00,100.66975254366784,100.65014965890076,100.69995346943094,100.61995461400309,18691,100.63001962896898,100.67027968883254,ZZ0000000008:XETR:EUR,DEMO
2024-01-02 09:55:00+00:00,2024-01-02 09:50:00+00:00,2024-01-02,2024-01-02 08:00:00+00:00,2024-01-02 16:30:00+00:00,100.65014965890076,100.7839051824637,100.81414035401843,100.61995461400309,17227,100.76374840142721,100.80406196350019,ZZ0000000008:XETR:EUR,DEMO
2024-01-02 10:00:00+00:00,2024-01-02 09:55:00+00:00,2024-01-02,2024-01-02 08:00:00+00:00,2024-01-02 16:30:00+00:00,100.7839051824637,100.80672286413763,100.83696488099686,100.75367001090896,12635,100.7865615195648,100.82688420871045,ZZ0000000008:XETR:EUR,DEMO
2024-01-02 10:05:00+00:00,2024-01-02 10:00:00+00:00,2024-01-02,2024-01-02 08:00:00+00:00,2024-01-02 16:30:00+00:00,100.80672286413763,100.80746256060289,100.83770479937107,100.77648084727839,17194,100.78730106809077,100.827624053115,ZZ0000000008:XETR:EUR,DEMO
2024-01-02 10:10:00+00:00,2024-01-02 10:05:00+00:00,2024-01-02,2024-01-02 08:00:00+00:00,2024-01-02 16:30:00+00:00,100.80746256060289,100.81434725581948,100.84459155999623,100.7772203218347,12513,100.79418438636833,100.83451012527064,ZZ0000000008:XETR:EUR,DEMO
2024-01-02 10:15:00+00:00,2024-01-02 10:10:00+00:00,2024-01-02,2024-01-02 08:00:00+00:00,2024-01-02 16:30:00+00:00,100.81434725581948,100.89259414972047,100.92286192796539,100.78410295164274,13650,100.87241563089053,100.9127726685504,ZZ0000000008:XETR:EUR,DEMO
2024-01-02 10:20:00+00:00,2024-01-02 10:15:00+00:00,2024-01-02,2024-01-02 08:00:00+00:00,2024-01-02 16:30:00+00:00,100.89259414972047,100.95742385703144,100.98771108418855,100.86232637147555,29044,100.93723237226004,100.97761534180285,ZZ0000000008:XETR:EUR,DEMO
2024-01-02 10:25:00+00:00,2024-01-02 10:20:00+00:00,2024-01-02,2024-01-02 08:00:00+00:00,2024-01-02 16:30:00+00:00,100.95742385703144,101.02611705177753,101.05642488689307,100.92713662987434,11788,101.00591182836718,101.04632227518789,ZZ0000000008:XETR:EUR,DEMO
2024-01-02 10:30:00+00:00,2024-01-02 10:25:00+00:00,2024-01-02,2024-01-02 08:00:00+00:00,2024-01-02 16:30:00+00:00,101.02611705177753,101.09631991183237,101.1266488078059,100.995809216662,19640,101.07610064785,101.11653917581474,ZZ0000000008:XETR:EUR,DEMO
2024-01-02 10:35:00+00:00,2024-01-02 10:30:00+00:00,2024-01-02,2024-01-02 08:00:00+00:00,2024-01-02 16:30:00+00:00,101.09631991183237,101.30512912242817,101.33552066116489,101.06599101585883,26686,101.28486809660369,101.32539014825265,ZZ0000000008:XETR:EUR,DEMO
2024-01-02 10:40:00+00:00,2024-01-02 10:35:00+00:00,2024-01-02,2024-01-02 08:00:00+00:00,2024-01-02 16:30:00+00:00,101.30512912242817,101.30764840837597,101.33804070289848,101.27473758369145,29064,101.28738687869429,101.32790993805764,ZZ0000000008:XETR:EUR,DEMO
2024-01-02 10:45:00+00:00,2024-01-02 10:40:00+00:00,2024-01-02,2024-01-02 08:00:00+00:00,2024-01-02 16:30:00+00:00,101.30764840837597,101.30159098138292,101.33804070289848,101.2712005040885,12934,101.28133066318664,101.3218512995792,ZZ0000000008:XETR:EUR,DEMO
2024-01-02 10:50:00+00:00,2024-01-02 10:45:00+00:00,2024-01-02,2024-01-02 08:00:00+00:00,2024-01-02 16:30:00+00:00,101.30159098138292,101.27110194967808,101.33198145867733,101.24072061909318,13271,101.25084772928815,101.29135617006801,ZZ0000000008:XETR:EUR,DEMO
2024-01-02 10:55:00+00:00,2024-01-02 10:50:00+00:00,2024-01-02,2024-01-02 08:00:00+00:00,2024-01-02 16:30:00+00:00,101.27110194967808,101.35648754301472,101.38689448927762,101.24072061909318,17451,101.33621624550612,101.37675884052332,ZZ0000000008:XETR:EUR,DEMO
2024-01-02 11:00:00+00:00,2024-01-02 10:55:00+00:00,2024-01-02,2024-01-02 08:00:00+00:00,2024-01-02 16:30:00+00:00,101.35648754301472,101.48358486769528,101.51402994315559,101.32608059675182,21088,101.46328815072175,101.50388158466882,ZZ0000000008:XETR:EUR,DEMO
2024-01-02 11:05:00+00:00,2024-01-02 11:00:00+00:00,2024-01-02,2024-01-02 08:00:00+00:00,2024-01-02 16:30:00+00:00,101.48358486769528,101.50985648516024,101.54030944210578,101.45313979223498,29196,101.48955451386321,101.53015845645727,ZZ0000000008:XETR:EUR,DEMO
2024-01-02 11:10:00+00:00,2024-01-02 11:05:00+00:00,2024-01-02,2024-01-02 08:00:00+00:00,2024-01-02 16:30:00+00:00,101.50985648516024,101.47716287020985,101.54030944210578,101.4467197213488,14154,101.45686743763581,101.4974583027839,ZZ0000000008:XETR:EUR,DEMO
2024-01-02 11:15:00+00:00,2024-01-02 11:10:00+00:00,2024-01-02,2024-01-02 08:00:00+00:00,2024-01-02 16:30:00+00:00,101.47716287020985,101.44575192795664,101.5076060190709,101.41531820237824,13287,101.42546277757104,101.46604107834223,ZZ0000000008:XETR:EUR,DEMO
2024-01-02 11:20:00+00:00,2024-01-02 11:15:00+00:00,2024-01-02,2024-01-02 08:00:00+00:00,2024-01-02 16:30:00+00:00,101.44575192795664,101.53409628594436,101.56455651483014,101.41531820237824,15063,101.51378946668717,101.55440310520154,ZZ0000000008:XETR:EUR,DEMO
2024-01-02 11:25:00+00:00,2024-01-02 11:20:00+00:00,2024-01-02,2024-01-02 08:00:00+00:00,2024-01-02 16:30:00+00:00,101.53409628594436,101.63005104456933,101.66054005988269,101.50363605705857,27486,101.60972503436042,101.65037705477823,ZZ0000000008:XETR:EUR,DEMO
2024-01-02 11:30:00+00:00,2024-01-02 11:25:00+00:00,2024-01-02,2024-01-02 08:00:00+00:00,2024-01-02 16:30:00+00:00,101.63005104456933,101.70981348290451,101.74032642694938,101.59956202925596,10601,101.68947152020793,101.73015544560108,ZZ0000000008:XETR:EUR,DEMO
2024-01-02 11:35:00+00:00,2024-01-02 11:30:00+00:00,2024-01-02,2024-01-02 08:00:00+00:00,2024-01-02 16:30:00+00:00,101.70981348290451,101.69126251503575,101.74032642694938,101.66075513628124,17602,101.67092426253274,101.71160076753876,ZZ0000000008:XETR:EUR,DEMO
2024-01-02 11:40:00+00:00,2024-01-02 11:35:00+00:00,2024-01-02,2024-01-02 08:00:00+00:00,2024-01-02 16:30:00+00:00,101.69126251503575,101.74575607494431,101.77627980176679,101.66075513628124,12379,101.72540692372932,101.7661052261593,ZZ0000000008:XETR:EUR,DEMO
2024-01-02 11:45:00+00:00,2024-01-02 11:40:00+00:00,2024-01-02,2024-01-02 08:00:00+00:00,2024-01-02 16:30:00+00:00,101.74575607494431,101.79087491922019,101.82141218169595,101.71523234812183,13141,101.77051674423635,101.81123309420403,ZZ0000000008:XETR:EUR,DEMO
2024-01-02 11:50:00+00:00,2024-01-02 11:45:00+00:00,2024-01-02,2024-01-02 08:00:00+00:00,2024-01-02 16:30:00+00:00,101.79087491922019,101.84432415620313,101.87487745344998,101.76033765674443,28336,101.82395529137189,101.86469302103437,ZZ0000000008:XETR:EUR,DEMO
2024-01-02 11:55:00+00:00,2024-01-02 11:50:00+00:00,2024-01-02,2024-01-02 08:00:00+00:00,2024-01-02 16:30:00+00:00,101.84432415620313,101.95102558568887,101.98161089336458,101.81377085895627,10033,101.93063538057173,101.971415790806,ZZ0000000008:XETR:EUR,DEMO
2024-01-02 12:00:00+00:00,2024-01-02 11:55:00+00:00,2024-01-02,2024-01-02 08:00:00+00:00,2024-01-02 16:30:00+00:00,101.95102558568887,102.00495934194439,102.03556082974697,101.92044027801316,16430,101.984558350076,102.02536033381277,ZZ0000000008:XETR:EUR,DEMO
2024-01-02 12:05:00+00:00,2024-01-02 12:00:00+00:00,2024-01-02,2024-01-02 08:00:00+00:00,2024-01-02 16:30:00+00:00,102.00495934194439,102.09610381394351,102.1267326450877,101.9743578541418,28308,102.07568459318072,102.1165230347063,ZZ0000000008:XETR:EUR,DEMO
2024-01-02 12:10:00+00:00,2024-01-02 12:05:00+00:00,2024-01-02,2024-01-02 08:00:00+00:00,2024-01-02 16:30:00+00:00,102.09610381394351,102.13736543362455,102.16800664325464,102.06547498279933,22162,102.11693796053783,102.15779290671128,ZZ0000000008:XETR:EUR,DEMO
2024-01-02 12:15:00+00:00,2024-01-02 12:10:00+00:00,2024-01-02,2024-01-02 08:00:00+00:00,2024-01-02 16:30:00+00:00,102.13736543362455,102.19675468614955,102.22741371255539,102.10672422399446,11435,102.17631533521232,102.21719403708677,ZZ0000000008:XETR:EUR,DEMO
2024-01-02 12:20:00+00:00,2024-01-02 12:15:00+00:00,2024-01-02,2024-01-02 08:00:00+00:00,2024-01-02 16:30:00+00:00,102.19675468614955,102.2841734041643,102.31485865618555,102.1660956597437,19300,102.26371656948348,102.30463023884514,ZZ0000000008:XETR:EUR,DEMO
2024-01-02 12:25:00+00:00,2024-01-02 12:20:00+00:00,2024-01-02,2024-01-02 08:00:00+00:00,2024-01-02 16:30:00+00:00,102.2841734041643,102.2007717030484,102.31485865618555,102.1701114715375,29418,102.1803315487078,102.22121185738901,ZZ0000000008:XETR:EUR,DEMO
2024-01-02 12:30:00+00:00,2024-01-02 12:25:00+00:00,2024-01-02,2024-01-02 08:00:00+00:00,2024-01-02 16:30:00+00:00,102.2007717030484,102.21040591120978,102.24106903298313,102.1701114715375,18009,102.18996383002754,102.23084799239201,ZZ0000000008:XETR:EUR,DEMO
2024-01-02 12:35:00+00:00,2024-01-02 12:30:00+00:00,2024-01-02,2024-01-02 08:00:00+00:00,2024-01-02 16:30:00+00:00,102.21040591120978,102.20771800468246,102.24106903298313,102.17705568928106,20572,102.18727646108152,102.2281595482834,ZZ0000000008:XETR:EUR,DEMO
2024-01-02 12:40:00+00:00,2024-01-02 12:35:00+00:00,2024-01-02,2024-01-02 08:00:00+00:00,2024-01-02 16:30:00+00:00,102.20771800468246,102.19125343469742,102.23838032008386,102.16059605866701,20637,102.17081518401048,102.21169168538435,ZZ0000000008:XETR:EUR,DEMO
2024-01-02 12:45:00+00:00,2024-01-02 12:40:00+00:00,2024-01-02,2024-01-02 08:00:00+00:00,2024-01-02 16:30:00+00:00,102.19125343469742,102.20452753022124,102.23518888848031,102.16059605866701,23208,102.1840866247152,102.22496843572728,ZZ0000000008:XETR:EUR,DEMO
2024-01-02 12:50:00+00:00,2024-01-02 12:45:00+00:00,2024-01-02,2024-01-02 08:00:00+00:00,2024-01-02 16:30:00+00:00,102.20452753022124,102.36265312705824,102.39336192299635,102.17386617196217,13744,102.34218059643283,102.38312565768365,ZZ0000000008:XETR:EUR,DEMO
2024-01-02 12:55:00+00:00,2024-01-02 12:50:00+00:00,2024-01-02,2024-01-02 08:00:00+00:00,2024-01-02 16:30:00+00:00,102.36265312705824,102.32758304850836,102.39336192299635,102.2968847735938,26793,102.30711753189865,102.34804856511806,ZZ0000000008:XETR:EUR,DEMO
2024-01-02 13:00:00+00:00,2024-01-02 12:55:00+00:00,2024-01-02,2024-01-02 08:00:00+00:00,2024-01-02 16:30:00+00:00,102.32758304850836,102.44272770458021,102.47346052289157,102.2968847735938,29772,102.4222391590393,102.46321625012112,ZZ0000000008:XETR:EUR,DEMO
2024-01-02 13:05:00+00:00,2024-01-02 13:00:00+00:00,2024-01-02,2024-01-02 08:00:00+00:00,2024-01-02 16:30:00+00:00,102.44272770458021,102.3407152691756,102.47346052289157,102.31001305459486,12851,102.32024712612177,102.36118341222944,ZZ0000000008:XETR:EUR,DEMO
2024-01-02 13:10:00+00:00,2024-01-02 13:05:00+00:00,2024-01-02,2024-01-02 08:00:00+00:00,2024-01-02 16:30:00+00:00,102.3407152691756,102.34911696556969,102.37982170065936,102.31001305459486,26366,102.32864714217658,102.3695867889628,ZZ0000000008:XETR:EUR,DEMO
2024-01-02 13:15:00+00:00,2024-01-02 13:10:00+00:00,2024-01-02,2024-01-02 08:00:00+00:00,2024-01-02 16:30:00+00:00,102.34911696556969,102.39827706496065,102.42899654808014,102.31841223048002,26338,102.37779740954767,102.41875672037364,ZZ0000000008:XETR:EUR,DEMO
2024-01-02 13:20:00+00:00,2024-01-02 13:15:00+00:00,2024-01-02,2024-01-02 08:00:00+00:00,2024-01-02 16:30:00+00:00,102.39827706496065,102.48217333720564,102.5129179892068,102.36755758184117,24832,102.4616769025382,102.50266977187307,ZZ0000000008:XETR:EUR,DEMO
2024-01-02 13:25:00+00:00,2024-01-02 13:20:00+00:00,2024-01-02,2024-01-02 08:00:00+00:00,2024-01-02 16:30:00+00:00,102.48217333720564,102.57639582209754,102.60716874084416,102.45142868520448,17417,102.55588054293312,102.59691110126195,ZZ0000000008:XETR:EUR,DEMO
2024-01-02 13:30:00+00:00,2024-01-02 13:25:00+00:00,2024-01-02,2024-01-02 08:00:00+00:00,2024-01-02 16:30:00+00:00,102.57639582209754,102.67745026552086,102.70825350060052,102.54562290335092,19375,102.65691477546775,102.69798575557397,ZZ0000000008:XETR:EUR,DEMO
2024-01-02 13:35:00+00:00,2024-01-02 13:30:00+00:00,2024-01-02,2024-01-02 08:00:00+00:00,2024-01-02 16:30:00+00:00,102.67745026552086,102.68474267105414,102.71554809385545,102.6466470304412,26784,102.66420572251992,102.70527961958835,ZZ0000000008:XETR:EUR,DEMO
2024-01-02 13:40:00+00:00,2024-01-02 13:35:00+00:00,2024-01-02,2024-01-02 08:00:00+00:00,2024-01-02 16:30:00+00:00,102.68474267105414,102.68270117140044,102.71554809385545,102.65189636104903,13057,102.66216463116616,102.70323771163471,ZZ0000000008:XETR:EUR,DEMO
2024-01-02 13:45:00+00:00,2024-01-02 13:40:00+00:00,2024-01-02,2024-01-02 08:00:00+00:00,2024-01-02 16:30:00+00:00,102.68270117140044,102.78917470566047,102.82001145807217,102.65189636104903,26574,102.76861687071934,102.8097325406016,ZZ0000000008:XETR:EUR,DEMO
2024-01-02 13:50:00+00:00,2024-01-02 13:45:00+00:00,2024-01-02,2024-01-02 08:00:00+00:00,2024-01-02 16:30:00+00:00,102.78917470566047,102.80942169969319,102.8402645262031,102.75833795324877,28413,102.78885981535325,102.82998358403313,ZZ0000000008:XETR:EUR,DEMO
2024-01-02 13:55:00+00:00,2024-01-02 13:50:00+00:00,2024-01-02,2024-01-02 08:00:00+00:00,2024-01-02 16:30:00+00:00,102.80942169969319,102.74050604699528,102.8402645262031,102.70968389518119,23637,102.71995794578588,102.76105414820468,ZZ0000000008:XETR:EUR,DEMO
2024-01-02 14:00:00+00:00,2024-01-02 13:55:00+00:00,2024-01-02,2024-01-02 08:00:00+00:00,2024-01-02 16:30:00+00:00,102.74050604699528,102.6833335360581,102.77132819880937,102.65252853599729,16827,102.66279686935088,102.70387020276532,ZZ0000000008:XETR:EUR,DEMO
2024-01-02 14:05:00+00:00,2024-01-02 14:00:00+00:00,2024-01-02,2024-01-02 08:00:00+00:00,2024-01-02 16:30:00+00:00,102.6833335360581,102.64375039355728,102.71413853611891,102.61295726843922,21183,102.62322164347857,102.664279143636,ZZ0000000008:XETR:EUR,DEMO
2024-01-02 14:10:00+00:00,2024-01-02 14:05:00+00:00,2024-01-02,2024-01-02 08:00:00+00:00,2024-01-02 16:30:00+00:00,102.64375039355728,102.7205287619631,102.75134492059168,102.61295726843922,11002,102.6999846562107,102.74107286771549,ZZ0000000008:XETR:EUR,DEMO
2024-01-02 14:15:00+00:00,2024-01-02 14:10:00+00:00,2024-01-02,2024-01-02 08:00:00+00:00,2024-01-02 16:30:00+00:00,102.7205287619631,102.76819604110234,102.79902649991467,102.68971260333451,28636,102.74764240189413,102.78874968031056,ZZ0000000008:XETR:EUR,DEMO
2024-01-02 14:20:00+00:00,2024-01-02 14:15:00+00:00,2024-01-02,2024-01-02 08:00:00+00:00,2024-01-02 16:30:00+00:00,102.76819604110234,102.86097471199795,102.89183300441155,102.73736558229001,16848,102.84040251705555,102.88154690694036,ZZ0000000008:XETR:EUR,DEMO
2024-01-02 14:25:00+00:00,2024-01-02 14:20:00+00:00,2024-01-02,2024-01-02 08:00:00+00:00,2024-01-02 16:30:00+00:00,102.86097471199795,102.86181795768319,102.89267650307049,102.83011641958436,11141,102.84124559409165,102.88239032127473,ZZ0000000008:XETR:EUR,DEMO
2024-01-02 14:30:00+00:00,2024-01-02 14:25:00+00:00,2024-01-02,2024-01-02 08:00:00+00:00,2024-01-02 16:30:00+00:00,102.86181795768319,102.91087743427103,102.9417506975013,102.83095941229588,25889,102.89029525878418,102.93145960975788,ZZ0000000008:XETR:EUR,DEMO
2024-01-02 14:35:00+00:00,2024-01-02 14:30:00+00:00,2024-01-02,2024-01-02 08:00:00+00:00,2024-01-02 16:30:00+00:00,102.91087743427103,102.99843751489365,103.02933704614811,102.88000417104075,23151,102.97783782739067,103.01903720239663,ZZ0000000008:XETR:EUR,DEMO
2024-01-02 14:40:00+00:00,2024-01-02 14:35:00+00:00,2024-01-02,2024-01-02 08:00:00+00:00,2024-01-02 16:30:00+00:00,102.99843751489365,103.00899774115297,103.03990044047531,102.96753798363919,22454,102.98839594160474,103.0295995407012,ZZ0000000008:XETR:EUR,DEMO
2024-01-02 14:45:00+00:00,2024-01-02 14:40:00+00:00,2024-01-02,2024-01-02 08:00:00+00:00,2024-01-02 16:30:00+00:00,103.00899774115297,103.08271882552513,103.11364364117279,102.97809504183063,11081,103.06210228176003,103.10333536929024,ZZ0000000008:XETR:EUR,DEMO
2024-01-02 14:50:00+00:00,2024-01-02 14:45:00+00:00,2024-01-02,2024-01-02 08:00:00+00:00,2024-01-02 16:30:00+00:00,103.08271882552513,103.06421293791124,103.11364364117279,103.03329367402986,25016,103.04360009532365,103.08482578049882,ZZ0000000008:XETR:EUR,DEMO
2024-01-02 14:55:00+00:00,2024-01-02 14:50:00+00:00,2024-01-02,2024-01-02 08:00:00+00:00,2024-01-02 16:30:00+00:00,103.06421293791124,103.07035130806865,103.10127241346107,103.03329367402986,22746,103.04973723780704,103.09096537833027,ZZ0000000008:XETR:EUR,DEMO
2024-01-02 15:00:00+00:00,2024-01-02 14:55:00+00:00,2024-01-02,2024-01-02 08:00:00+00:00,2024-01-02 16:30:00+00:00,103.07035130806865,103.07494934651062,103.10587183131457,103.03943020267623,25872,103.05433435664132,103.09556433637992,ZZ0000000008:XETR:EUR,DEMO
2024-01-02 15:05:00+00:00,2024-01-02 15:00:00+00:00,2024-01-02,2024-01-02 08:00:00+00:00,2024-01-02 16:30:00+00:00,103.07494934651062,103.01243565462713,103.10587183131457,102.98153192393075,26546,102.9918331674962,103.03303814175806,ZZ0000000008:XETR:EUR,DEMO
2024-01-02 15:10:00+00:00,2024-01-02 15:05:00+00:00,2024-01-02,2024-01-02 08:00:00+00:00,2024-01-02 16:30:00+00:00,103.01243565462713,103.08864956377097,103.1195761586401,102.98153192393075,14239,103.06803183385821,103.10926729368373,ZZ0000000008:XETR:EUR,DEMO
2024-01-02 15:15:00+00:00,2024-01-02 15:10:00+00:00,2024-01-02,2024-01-02 08:00:00+00:00,2024-01-02 16:30:00+00:00,103.08864956377097,103.08601858200936,103.1195761586401,103.05509277643476,14212,103.06540137829296,103.10663578572576,ZZ0000000008:XETR:EUR,DEMO
2024-01-02 15:20:00+00:00,2024-01-02 15:15:00+00:00,2024-01-02,2024-01-02 08:00:00+00:00,2024-01-02 16:30:00+00:00,103.08601858200936,103.12313574427839,103.15407268500167,103.05509277643476,28475,103.10251111712954,103.14376037142723,ZZ0000000008:XETR:EUR,DEMO
2024-01-02 15:25:00+00:00,2024-01-02 15:20:00+00:00,2024-01-02,2024-01-02 08:00:00+00:00,2024-01-02 16:30:00+00:00,103.12313574427839,103.1989175553109,103.22987723057749,103.0921988035551,20620,103.17827777179984,103.21955733882196,ZZ0000000008:XETR:EUR,DEMO
2024-01-02 15:30:00+00:00,2024-01-02 15:25:00+00:00,2024-01-02,2024-01-02 08:00:00+00:00,2024-01-02 16:30:00+00:00,103.1989175553109,103.27192821810975,103.30290979657518,103.16795788004431,18759,103.25127383246613,103.29258260375337,ZZ0000000008:XETR:EUR,DEMO
2024-01-02 15:35:00+00:00,2024-01-02 15:30:00+00:00,2024-01-02,2024-01-02 08:00:00+00:00,2024-01-02 16:30:00+00:00,103.27192821810975,103.36308608430274,103.39409501012803,103.24094663964432,15744,103.34241346708588,103.3837587015196,ZZ0000000008:XETR:EUR,DEMO
2024-01-02 15:40:00+00:00,2024-01-02 15:35:00+00:00,2024-01-02,2024-01-02 08:00:00+00:00,2024-01-02 16:30:00+00:00,103.36308608430274,103.39112315535928,103.42214049230589,103.33207715847745,22780,103.37044493072821,103.41180137999035,ZZ0000000008:XETR:EUR,DEMO
2024-01-02 15:45:00+00:00,2024-01-02 15:40:00+00:00,2024-01-02,2024-01-02 08:00:00+00:00,2024-01-02 16:30:00+00:00,103.39112315535928,103.39229782480697,103.42331551415441,103.36010581841268,25079,103.37161936524201,103.41297628437194,ZZ0000000008:XETR:EUR,DEMO
2024-01-02 15:50:00+00:00,2024-01-02 15:45:00+00:00,2024-01-02,2024-01-02 08:00:00+00:00,2024-01-02 16:30:00+00:00,103.39229782480697,103.42189556545334,103.45292213412297,103.36128013545954,10046,103.40121118634025,103.44257994456643,ZZ0000000008:XETR:EUR,DEMO
2024-01-02 15:55:00+00:00,2024-01-02 15:50:00+00:00,2024-01-02,2024-01-02 08:00:00+00:00,2024-01-02 16:30:00+00:00,103.42189556545334,103.31853904843535,103.45292213412297,103.28754348672082,21052,103.29787534062567,103.33920275624504,ZZ0000000008:XETR:EUR,DEMO
2024-01-02 16:00:00+00:00,2024-01-02 15:55:00+00:00,2024-01-02,2024-01-02 08:00:00+00:00,2024-01-02 16:30:00+00:00,103.31853904843535,103.23512339144054,103.34953461014989,103.20415285442311,29867,103.21447636676226,103.25577041611882,ZZ0000000008:XETR:EUR,DEMO
2024-01-02 16:05:00+00:00,2024-01-02 16:00:00+00:00,2024-01-02,2024-01-02 08:00:00+00:00,2024-01-02 16:30:00+00:00,103.23512339144054,103.16204231806381,103.26609392845796,103.1310937053684,15612,103.1414099096002,103.18267472652742,ZZ0000000008:XETR:EUR,DEMO
2024-01-02 16:10:00+00:00,2024-01-02 16:05:00+00:00,2024-01-02,2024-01-02 08:00:00+00:00,2024-01-02 16:30:00+00:00,103.16204231806381,103.11585695894574,103.19299093075922,103.08492220185806,15617,103.09523378755395,103.13648013033753,ZZ0000000008:XETR:EUR,DEMO
2024-01-02 16:15:00+00:00,2024-01-02 16:10:00+00:00,2024-01-02,2024-01-02 08:00:00+00:00,2024-01-02 16:30:00+00:00,103.11585695894574,103.18494909550718,103.21590458023583,103.08492220185806,27562,103.16431210568808,103.20558608532627,ZZ0000000008:XETR:EUR,DEMO
2024-01-02 16:20:00+00:00,2024-01-02 16:15:00+00:00,2024-01-02,2024-01-02 08:00:00+00:00,2024-01-02 16:30:00+00:00,103.18494909550718,103.14632560994714,103.21590458023583,103.11538171226417,11241,103.12569634482516,103.16695487506912,ZZ0000000008:XETR:EUR,DEMO
2024-01-02 16:25:00+00:00,2024-01-02 16:20:00+00:00,2024-01-02,2024-01-02 08:00:00+00:00,2024-01-02 16:30:00+00:00,103.14632560994714,103.15122207778131,103.18216744440464,103.11538171226417,17950,103.13059183336576,103.17185232219687,ZZ0000000008:XETR:EUR,DEMO
2024-01-02 16:30:00+00:00,2024-01-02 16:25:00+00:00,2024-01-02,2024-01-02 08:00:00+00:00,2024-01-02 16:30:00+00:00,103.15122207778131,103.29463820171392,103.32562659317443,103.12027671115798,19165,103.27397927407358,103.31529712935426,ZZ0000000008:XETR:EUR,DEMO
2024-01-03 08:05:00+00:00,2024-01-03 08:00:00+00:00,2024-01-03,2024-01-03 08:00:00+00:00,2024-01-03 16:30:00+00:00,103.29463820171392,103.30135141682804,103.33234182225308,103.26364981025341,25957,103.28069114654468,103.3220116871114,ZZ0000000008:XETR:EUR,DEMO
2024-01-03 08:10:00+00:00,2024-01-03 08:05:00+00:00,2024-01-03,2024-01-03 08:00:00+00:00,2024-01-03 16:30:00+00:00,103.30135141682804,103.39850162780529,103.42952117829363,103.270361011403,12580,103.37782192747973,103.41918132813085,ZZ0000000008:XETR:EUR,DEMO
2024-01-03 08:15:00+00:00,2024-01-03 08:10:00+00:00,2024-01-03,2024-01-03 08:00:00+00:00,2024-01-03 16:30:00+00:00,103.39850162780529,103.35747151085519,103.42952117829363,103.32646426940194,18681,103.33680001655303,103.37814300515736,ZZ0000000008:XETR:EUR,DEMO
2024-01-03 08:20:00+00:00,2024-01-03 08:15:00+00:00,2024-01-03,2024-01-03 08:00:00+00:00,2024-01-03 16:30:00+00:00,103.35747151085519,103.37666160192099,103.40767460040156,103.32646426940194,13046,103.3559862696006,103.39733693424137,ZZ0000000008:XETR:EUR,DEMO
2024-01-03 08:25:00+00:00,2024-01-03 08:20:00+00:00,2024-01-03,2024-01-03 08:00:00+00:00,2024-01-03 16:30:00+00:00,103.37666160192099,103.33428403506252,103.40767460040156,103.30328374985201,25752,103.31361717825551,103.35495089186954,ZZ0000000008:XETR:EUR,DEMO
2024-01-03 08:30:00+00:00,2024-01-03 08:25:00+00:00,2024-01-03,2024-01-03 08:00:00+00:00,2024-01-03 16:30:00+00:00,103.33428403506252,103.3424243629619,103.3734270902708,103.30328374985201,22645,103.32175587808932,103.3630928478345,ZZ0000000008:XETR:EUR,DEMO
2024-01-03 08:35:00+00:00,2024-01-03 08:30:00+00:00,2024-01-03,2024-01-03 08:00:00+00:00,2024-01-03 16:30:00+00:00,103.3424243629619,103.44811980979496,103.47915424573789,103.31142163565302,19934,103.427430185833,103.46880943375692,ZZ0000000008:XETR:EUR,DEMO
2024-01-03 08:40:00+00:00,2024-01-03 08:35:00+00:00,2024-01-03,2024-01-03 08:00:00+00:00,2024-01-03 16:30:00+00:00,103.44811980979496,103.34143126474966,103.47915424573789,103.31042883537023,17858,103.32076297849672,103.3620995510026,ZZ0000000008:XETR:EUR,DEMO
2024-01-03 08:45:00+00:00,2024-01-03 08:40:00+00:00,2024-01-03,2024-01-03 08:00:00+00:00,2024-01-03 16:30:00+00:00,103.34143126474966,103.41354108134955,103.44456514367396,103.31042883537023,13063,103.39285837313328,103.43422378956582,ZZ0000000008:XETR:EUR,DEMO
2024-01-03 08:50:00+00:00,2024-01-03 08:45:00+00:00,2024-01-03,2024-01-03 08:00:00+00:00,2024-01-03 16:30:00+00:00,103.41354108134955,103.46941897604943,103.50045980174224,103.38251701902514,28437,103.44872509225422,103.49011285984463,ZZ0000000008:XETR:EUR,DEMO
2024-01-03 08:55:00+00:00,2024-01-03 08:50:00+00:00,2024-01-03,2024-01-03 08:00:00+00:00,2024-01-03 16:30:00+00:00,103.46941897604943,103.45645300459508,103.50045980174224,103.4254160686937,22953,103.43576171399415,103.477144295196,ZZ0000000008:XETR:EUR,DEMO
2024-01-03 09:00:00+00:00,2024-01-03 08:55:00+00:00,2024-01-03,2024-01-03 08:00:00+00:00,2024-01-03 16:30:00+00:00,103.45645300459508,103.37301321605136,103.48748994049645,103.34200131208655,16383,103.35233861340815,103.39368781869457,ZZ0000000008:XETR:EUR,DEMO
2024-01-03 09:05:00+00:00,2024-01-03 09:00:00+00:00,2024-01-03,2024-01-03 08:00:00+00:00,2024-01-03 16:30:00+00:00,103.37301321605136,103.41516735893444,103.44619190914212,103.34200131208655,18278,103.39448432546266,103.43585039240622,ZZ0000000008:XETR:EUR,DEMO
2024-01-03 09:10:00+00:00,2024-01-03 09:05:00+00:00,2024-01-03,2024-01-03 08:00:00+00:00,2024-01-03 16:30:00+00:00,103.41516735893444,103.40755688585818,103.44619190914212,103.37653461879243,24523,103.38687537448102,103.42823839723535,ZZ0000000008:XETR:EUR,DEMO
2024-01-03 09:15:00+00:00,2024-01-03 09:10:00+00:00,2024-01-03,2024-01-03 08:00:00+00:00,2024-01-03 16:30:00+00:00,103.40755688585818,103.46301277837715,103.49405168221065,103.37653461879243,24391,103.44232017582148,103.48370538093282,ZZ0000000008:XETR:EUR,DEMO
2024-01-03 09:20:00+00:00,2024-01-03 09:15:00+00:00,2024-01-03,2024-01-03 08:00:00+00:00,2024-01-03 16:30:00+00:00,103.46301277837715,103.50104053072269,103.5320908428819,103.43197387454364,19221,103.48034032261654,103.52174073882884,ZZ0000000008:XETR:EUR,DEMO
2024-01-03 09:25:00+00:00,2024-01-03 09:20:00+00:00,2024-01-03,2024-01-03 08:00:00+00:00,2024-01-03 16:30:00+00:00,103.50104053072269,103.67003233155327,103.70113334125274,103.46999021856348,16058,103.64929832508696,103.69076633801959,ZZ0000000008:XETR:EUR,DEMO
2024-01-03 09:30:00+00:00,2024-01-03 09:25:00+00:00,2024-01-03,2024-01-03 08:00:00+00:00,2024-01-03 16:30:00+00:00,103.67003233155327,103.68646694089396,103.71757288097623,103.6389313218538,23199,103.66572964750578,103.70720423428214,ZZ0000000008:XETR:EUR,DEMO
2024-01-03 09:35:00+00:00,2024-01-03 09:30:00+00:00,2024-01-03,2024-01-03 08:00:00+00:00,2024-01-03 16:30:00+00:00,103.68646694089396,103.63787032506504,103.71757288097623,103.60677896396753,23164,103.61714275100003,103.65859789913004,ZZ0000000008:XETR:EUR,DEMO
2024-01-03 09:40:00+00:00,2024-01-03 09:35:00+00:00,2024-01-03,2024-01-03 08:00:00+00:00,2024-01-03 16:30:00+00:00,103.63787032506504,103.68901999379526,103.7201266997934,103.60677896396753,21993,103.6682821897965,103.70975779779401,ZZ0000000008:XETR:EUR,DEMO
2024-01-03 09:45:00+00:00,2024-01-03 09:40:00+00:00,2024-01-03,2024-01-03 08:00:00+00:00,2024-01-03 16:30:00+00:00,103.68901999379526,103.74357448974567,103.77469756209258,103.65791328779711,11457,103.72282577484772,103.76432320464362,ZZ0000000008:XETR:EUR,DEMO
2024-01-03 09:50:00+00:00,2024-01-03 09:45:00+00:00,2024-01-03,2024-01-03 08:00:00+00:00,2024-01-03 16:30:00+00:00,103.74357448974567,103.89279753997226,103.92396537923425,103.71245141739875,19455,103.87201898046428,103.91357609948025,ZZ0000000008:XETR:EUR,DEMO
2024-01-03 09:55:00+00:00,2024-01-03 09:50:00+00:00,2024-01-03,2024-01-03 08:00:00+00:00,2024-01-03 16:30:00+00:00,103.89279753997226,103.99862351497697,104.02982310203146,103.86162970071028,22278,103.97782379027397,104.01942323967997,ZZ0000000008:XETR:EUR,DEMO
2024-01-03 10:00:00+00:00,2024-01-03 09:55:00+00:00,2024-01-03,2024-01-03 08:00:00+00:00,2024-01-03 16:30:00+00:00,103.99862351497697,104.06473531704225,104.09595473763736,103.96742392792248,29001,104.04392236997884,104.08554826410565,ZZ0000000008:XETR:EUR,DEMO
2024-01-03 10:05:00+00:00,2024-01-03 10:00:00+00:00,2024-01-03,2024-01-03 08:00:00+00:00,2024-01-03 16:30:00+00:00,104.06473531704225,104.22310093506736,104.25436786534789,104.03351589644714,20511,104.20225631488036,104.24394555525437,ZZ0000000008:XETR:EUR,DEMO
2024-01-03 10:10:00+00:00,2024-01-03 10:05:00+00:00,2024-01-03,2024-01-03 08:00:00+00:00,2024-01-03 16:30:00+00:00,104.22310093506736,104.16048058258363,104.25436786534789,104.12923243840886,16854,104.13964848646711,104.18131267870015,ZZ0000000008:XETR:EUR,DEMO
2024-01-03 10:15:00+00:00,2024-01-03 10:10:00+00:00,2024-01-03,2024-01-03 08:00:00+00:00,2024-01-03 16:30:00+00:00,104.16048058258363,104.14362865247205,104.1917287267584,104.1123855638763,21115,104.12279992674155,104.16445737820254,ZZ0000000008:XETR:EUR,DEMO
2024-01-03 10:20:00+00:00,2024-01-03 10:15:00+00:00,2024-01-03,2024-01-03 08:00:00+00:00,2024-01-03 16:30:00+00:00,104.14362865247205,104.10288930826535,104.17487174106779,104.07165844147288,13544,104.08206873040369,104.123709886127,ZZ0000000008:XETR:EUR,DEMO
2024-01-03 10:25:00+00:00,2024-01-03 10:20:00+00:00,2024-01-03,2024-01-03 08:00:00+00:00,2024-01-03 16:30:00+00:00,104.10288930826535,104.10686113385825,104.1380931921984,104.07165844147288,11813,104.08603976163148,104.12768250608501,ZZ0000000008:XETR:EUR,DEMO
2024-01-03 10:30:00+00:00,2024-01-03 10:25:00+00:00,2024-01-03,2024-01-03 08:00:00+00:00,2024-01-03 16:30:00+00:00,104.10686113385825,104.02866993449918,104.1380931921984,103.99746133351883,23561,104.00786420051227,104.04947566848608,ZZ0000000008:XETR:EUR,DEMO
2024-01-03 10:35:00+00:00,2024-01-03 10:30:00+00:00,2024-01-03,2024-01-03 08:00:00+00:00,2024-01-03 16:30:00+00:00,104.02866993449918,104.11797740835831,104.14921280158082,103.99746133351883,29723,104.09715381287664,104.13880100383999,ZZ0000000008:XETR:EUR,DEMO
2024-01-03 10:40:00+00:00,2024-01-03 10:35:00+00:00,2024-01-03,2024-01-03 08:00:00+00:00,2024-01-03 16:30:00+00:00,104.11797740835831,104.13591034242347,104.1671511155262,104.08674201513581,26920,104.11508316035498,104.15673752449196,ZZ0000000008:XETR:EUR,DEMO
2024-01-03 10:45:00+00:00,2024-01-03 10:40:00+00:00,2024-01-03,2024-01-03 08:00:00+00:00,2024-01-03 16:30:00+00:00,104.13591034242347,104.04986247953035,104.1671511155262,104.01864752078649,21673,104.02905250703445,104.07067245202624,ZZ0000000008:XETR:EUR,DEMO
2024-01-03 10:50:00+00:00,2024-01-03 10:45:00+00:00,2024-01-03,2024-01-03 08:00:00+00:00,2024-01-03 16:30:00+00:00,104.04986247953035,104.00175436538399,104.0810774382742,103.97055383907437,10805,103.98095401451091,104.02255471625706,ZZ0000000008:XETR:EUR,DEMO
2024-01-03 10:55:00+00:00,2024-01-03 10:50:00+00:00,2024-01-03,2024-01-03 08:00:00+00:00,2024-01-03 16:30:00+00:00,104.00175436538399,104.06425854625594,104.09547782381982,103.97055383907437,29759,104.04344569454669,104.0850713979652,ZZ0000000008:XETR:EUR,DEMO
2024-01-03 11:00:00+00:00,2024-01-03 10:55:00+00:00,2024-01-03,2024-01-03 08:00:00+00:00,2024-01-03 16:30:00+00:00,104.06425854625594,104.17051045851558,104.20176161165313,104.03303926869206,18992,104.14967635642388,104.19134456060728,ZZ0000000008:XETR:EUR,DEMO
2024-01-03 11:05:00+00:00,2024-01-03 11:00:00+00:00,2024-01-03,2024-01-03 08:00:00+00:00,2024-01-03 16:30:00+00:00,104.17051045851558,104.37356816973467,104.40488024018559,104.13925930537803,15793,104.35269345610072,104.39444288336861,ZZ0000000008:XETR:EUR,DEMO
2024-01-03 11:10:00+00:00,2024-01-03 11:05:00+00:00,2024-01-03,2024-01-03 08:00:00+00:00,2024-01-03 16:30:00+00:00,104.37356816973467,104.65377856356741,104.68517469713647,104.34225609928374,27849,104.6328478078547,104.67470931928013,ZZ0000000008:XETR:EUR,DEMO
2024-01-03 11:15:00+00:00,2024-01-03 11:10:00+00:00,2024-01-03,2024-01-03 08:00:00+00:00,2024-01-03 16:30:00+00:00,104.65377856356741,104.72512730682173,104.75654484501378,104.62238242999835,24928,104.70418228136037,104.74607233228309,ZZ0000000008:XETR:EUR,DEMO
2024-01-03 11:20:00+00:00,2024-01-03 11:15:00+00:00,2024-01-03,2024-01-03 08:00:00+00:00,2024-01-03 16:30:00+00:00,104.72512730682173,104.6788877080629,104.75654484501378,104.64748404175049,24992,104.65795193052129,104.69982348560451,ZZ0000000008:XETR:EUR,DEMO
2024-01-03 11:25:00+00:00,2024-01-03 11:20:00+00:00,2024-01-03,2024-01-03 08:00:00+00:00,2024-01-03 16:30:00+00:00,104.6788877080629,104.53707727564749,104.71029137437532,104.5057161524648,15555,104.51616986019236,104.55798469110262,ZZ0000000008:XETR:EUR,DEMO
2024-01-03 11:30:00+00:00,2024-01-03 11:25:00+00:00,2024-01-03,2024-01-03 08:00:00+00:00,2024-01-03 16:30:00+00:00,104.53707727564749,104.59607051127291,104.6274493324263,104.5057161524648,29836,104.57515129717066,104.61698972537516,ZZ0000000008:XETR:EUR,DEMO
2024-01-03 11:35:00+00:00,2024-01-03 11:30:00+00:00,2024-01-03,2024-01-03 08:00:00+00:00,2024-01-03 16:30:00+00:00,104.59607051127291,104.5646594980808,104.6274493324263,104.53329010023138,19057,104.54374656618118,104.58557242998042,ZZ0000000008:XETR:EUR,DEMO
2024-01-03 11:40:00+00:00,2024-01-03 11:35:00+00:00,2024-01-03,2024-01-03 08:00:00+00:00,2024-01-03 16:30:00+00:00,104.5646594980808,104.56651179292645,104.59788174646432,104.53329010023138,20628,104.54559849056787,104.58742509528503,ZZ0000000008:XETR:EUR,DEMO
2024-01-03 11:45:00+00:00,2024-01-03 11:40:00+00:00,2024-01-03,2024-01-03 08:00:00+00:00,2024-01-03 16:30:00+00:00,104.56651179292645,104.55190723031582,104.59788174646432,104.52054165814673,25019,104.53099684886976,104.57281761176188,ZZ0000000008:XETR:EUR,DEMO
2024-01-03 11:50:00+00:00,2024-01-03 11:45:00+00:00,2024-01-03,2024-01-03 08:00:00+00:00,2024-01-03 16:30:00+00:00,104.55190723031582,104.57672737891923,104.6081003971329,104.52054165814673,23199,104.55581203344344,104.59764272439502,ZZ0000000008:XETR:EUR,DEMO
2024-01-03 11:55:00+00:00,2024-01-03 11:50:00+00:00,2024-01-03,2024-01-03 08:00:00+00:00,2024-01-03 16:30:00+00:00,104.57672737891923,104.70258628807045,104.73399706395686,104.54535436070556,13445,104.68164577081284,104.72352680532806,ZZ0000000008:XETR:EUR,DEMO
2024-01-03 12:00:00+00:00,2024-01-03 11:55:00+00:00,2024-01-03,2024-01-03 08:00:00+00:00,2024-01-03 16:30:00+00:00,104.70258628807045,104.75239875165121,104.7838244712767,104.67117551218404,16049,104.73144827190089,104.77334923140154,ZZ0000000008:XETR:EUR,DEMO
2024-01-03 12:05:00+00:00,2024-01-03 12:00:00+00:00,2024-01-03,2024-01-03 08:00:00+00:00,2024-01-03 16:30:00+00:00,104.75239875165121,104.77577079441245,104.80720352565078,104.72097303202573,17223,104.75481564025357,104.79672594857134,ZZ0000000008:XETR:EUR,DEMO
2024-01-03 12:10:00+00:00,2024-01-03 12:05:00+00:00,2024-01-03,2024-01-03 08:00:00+00:00,2024-01-03 16:30:00+00:00,104.77577079441245,104.72564517209588,104.80720352565078,104.69422747854425,28950,104.70470004306146,104.7465903011303,ZZ0000000008:XETR:EUR,DEMO
2024-01-03 12:15:00+00:00,2024-01-03 12:10:00+00:00,2024-01-03,2024-01-03 08:00:00+00:00,2024-01-03 16:30:00+00:00,104.72564517209588,104.62204462402151,104.75706286564751,104.59065801063431,24290,104.60112021509671,104.64296903294631,ZZ0000000008:XETR:EUR,DEMO
2024-01-03 12:20:00+00:00,2024-01-03 12:15:00+00:00,2024-01-03,2024-01-03 08:00:00+00:00,2024-01-03 16:30:00+00:00,104.62204462402151,104.61795959718181,104.65343123740871,104.58657420930265,17326,104.59703600526238,104.63888318910124,ZZ0000000008:XETR:EUR,DEMO
2024-01-03 12:25:00+00:00,2024-01-03 12:20:00+00:00,2024-01-03,2024-01-03 08:00:00+00:00,2024-01-03 16:30:00+00:00,104.61795959718181,104.65007951619512,104.68147454004998,104.58657420930265,24694,104.62914950029189,104.67100953209835,ZZ0000000008:XETR:EUR,DEMO
2024-01-03 12:30:00+00:00,2024-01-03 12:25:00+00:00,2024-01-03,2024-01-03 08:00:00+00:00,2024-01-03 16:30:00+00:00,104.65007951619512,104.83488122780385,104.86633169217218,104.61868449234026,24770,104.81391425155829,104.85584820404941,ZZ0000000008:XETR:EUR,DEMO
2024-01-03 12:35:00+00:00,2024-01-03 12:30:00+00:00,2024-01-03,2024-01-03 08:00:00+00:00,2024-01-03 16:30:00+00:00,104.83488122780385,104.88251010358805,104.91397485661912,104.80343076343551,17884,104.86153360156733,104.90348660560876,ZZ0000000008:XETR:EUR,DEMO
2024-01-03 12:40:00+00:00,2024-01-03 12:35:00+00:00,2024-01-03,2024-01-03 08:00:00+00:00,2024-01-03 16:30:00+00:00,104.88251010358805,105.0017444551875,105.03324497852405,104.85104535055697,18062,104.98074410629647,105.02274480407854,ZZ0000000008:XETR:EUR,DEMO
2024-01-03 12:45:00+00:00,2024-01-03 12:40:00+00:00,2024-01-03,2024-01-03 08:00:00+00:00,2024-01-03 16:30:00+00:00,105.0017444551875,104.99655366697868,105.03324497852405,104.9650547008786,27885,104.9755543562453,105.01755297771207,ZZ0000000008:XETR:EUR,DEMO
2024-01-03 12:50:00+00:00,2024-01-03 12:45:00+00:00,2024-01-03,2024-01-03 08:00:00+00:00,2024-01-03 16:30:00+00:00,104.99655366697868,104.93378921838024,105.02805263307877,104.90230908161473,21236,104.91280246053657,104.95477597622391,ZZ0000000008:XETR:EUR,DEMO
2024-01-03 12:55:00+00:00,2024-01-03 12:50:00+00:00,2024-01-03,2024-01-03 08:00:00+00:00,2024-01-03 16:30:00+00:00,104.93378921838024,104.88950670382353,104.96526935514575,104.85803985181238,12990,104.86852880248277,104.91048460516429,ZZ0000000008:XETR:EUR,DEMO
2024-01-03 13:00:00+00:00,2024-01-03 12:55:00+00:00,2024-01-03,2024-01-03 08:00:00+00:00,2024-01-03 16:30:00+00:00,104.88950670382353,104.8653659263225,104.92097355583468,104.8339063165446,24395,104.84439285313724,104.88633899950776,ZZ0000000008:XETR:EUR,DEMO
2024-01-03 13:05:00+00:00,2024-01-03 13:00:00+00:00,2024-01-03,2024-01-03 08:00:00+00:00,2024-01-03 16:30:00+00:00,104.8653659263225,105.08085210701805,105.11237636265015,104.8339063165446,21791,105.05983593659664,105.10186827743945,ZZ0000000008:XETR:EUR,DEMO
2024-01-03 13:10:00+00:00,2024-01-03 13:05:00+00:00,2024-01-03,2024-01-03 08:00:00+00:00,2024-01-03 16:30:00+00:00,105.08085210701805,105.0485857504291,105.11237636265015,105.01707117470397,20178,105.02757603327902,105.06959546757918,ZZ0000000008:XETR:EUR,DEMO
2024-01-03 13:15:00+00:00,2024-01-03 13:10:00+00:00,2024-01-03,2024-01-03 08:00:00+00:00,2024-01-03 16:30:00+00:00,105.0485857504291,105.15587318918651,105.18741995114326,105.01707117470397,24502,105.13484201454867,105.17690436382435,ZZ0000000008:XETR:EUR,DEMO
2024-01-03 13:20:00+00:00,2024-01-03 13:15:00+00:00,2024-01-03,2024-01-03 08:00:00+00:00,2024-01-03 16:30:00+00:00,105.15587318918651,105.11672655654732,105.18741995114326,105.08519153858036,28141,105.09570321123601,105.13774990185863,ZZ0000000008:XETR:EUR,DEMO
2024-01-03 13:25:00+00:00,2024-01-03 13:20:00+00:00,2024-01-03,2024-01-03 08:00:00+00:00,2024-01-03 16:30:00+00:00,105.11672655654732,105.23191960693477,105.26348918281684,105.08519153858036,16608,105.21087322301338,105.25296599085615,ZZ0000000008:XETR:EUR,DEMO
2024-01-03 13:30:00+00:00,2024-01-03 13:25:00+00:00,2024-01-03,2024-01-03 08:00:00+00:00,2024-01-03 16:30:00+00:00,105.23191960693477,105.30118086518831,105.33277121944786,105.2003500310527,18386,105.28012062901527,105.32224110136136,ZZ0000000008:XETR:EUR,DEMO
2024-01-03 13:35:00+00:00,2024-01-03 13:30:00+00:00,2024-01-03,2024-01-03 08:00:00+00:00,2024-01-03 16:30:00+00:00,105.30118086518831,105.32484361230583,105.35644106538952,105.26959051092877,13789,105.30377864358337,105.34590858102828,ZZ0000000008:XETR:EUR,DEMO
2024-01-03 13:40:00+00:00,2024-01-03 13:35:00+00:00,2024-01-03,2024-01-03 08:00:00+00:00,2024-01-03 16:30:00+00:00,105.32484361230583,105.3582779678018,105.38988545119213,105.29324615922214,22941,105.33720631220824,105.37934962339536,ZZ0000000008:XETR:EUR,DEMO
2024-01-03 13:45:00+00:00,2024-01-03 13:40:00+00:00,2024-01-03,2024-01-03 08:00:00+00:00,2024-01-03 16:30:00+00:00,105.3582779678018,105.33996511357984,105.38988545119213,105.30836312404577,18054,105.31889712055712,105.36103310660255,ZZ0000000008:XETR:EUR,DEMO
2024-01-03 13:50:00+00:00,2024-01-03 13:45:00+00:00,2024-01-03,2024-01-03 08:00:00+00:00,2024-01-03 16:30:00+00:00,105.33996511357984,105.41445180813105,105.44607614367348,105.30836312404577,16847,105.39336891776942,105.43553469849267,ZZ0000000008:XETR:EUR,DEMO
2024-01-03 13:55:00+00:00,2024-01-03 13:50:00+00:00,2024-01-03,2024-01-03 08:00:00+00:00,2024-01-03 16:30:00+00:00,105.41445180813105,105.41297740924544,105.44607614367348,105.38135351602267,23930,105.3918948137636,105.43406000472729,ZZ0000000008:XETR:EUR,DEMO
2024-01-03 14:00:00+00:00,2024-01-03 13:55:00+00:00,2024-01-03,2024-01-03 08:00:00+00:00,2024-01-03 16:30:00+00:00,105.41297740924544,105.34653709618615,105.44460130246821,105.3149331350573,18163,105.32546778876691,105.3676064036054,ZZ0000000008:XETR:EUR,DEMO
2024-01-03 14:05:00+00:00,2024-01-03 14:00:00+00:00,2024-01-03,2024-01-03 08:00:00+00:00,2024-01-03 16:30:00+00:00,105.34653709618615,105.27573115156397,105.378141057315,105.24414843221851,19287,105.25467600533366,105.29678629779428,ZZ0000000008:XETR:EUR,DEMO
2024-01-03 14:10:00+00:00,2024-01-03 14:05:00+00:00,2024-01-03,2024-01-03 08:00:00+00:00,2024-01-03 16:30:00+00:00,105.27573115156397,105.32712565389363,105.3587237915898,105.24414843221851,18801,105.30606022876286,105.3481910790244,ZZ0000000008:XETR:EUR,DEMO
2024-01-03 14:15:00+00:00,2024-01-03 14:10:00+00:00,2024-01-03,2024-01-03 08:00:00+00:00,2024-01-03 16:30:00+00:00,105.32712565389363,105.4971842009669,105.52883335622718,105.29552751619747,15170,105.47608476412671,105.51828363780709,ZZ0000000008:XETR:EUR,DEMO
2024-01-03 14:20:00+00:00,2024-01-03 14:15:00+00:00,2024-01-03,2024-01-03 08:00:00+00:00,2024-01-03 16:30:00+00:00,105.4971842009669,105.5476232010109,105.57928748797119,105.46553504570662,12516,105.5265136763707,105.56873272565109,ZZ0000000008:XETR:EUR,DEMO
2024-01-03 14:25:00+00:00,2024-01-03 14:20:00+00:00,2024-01-03,2024-01-03 08:00:00+00:00,2024-01-03 16:30:00+00:00,105.5476232010109,105.57455070877218,105.60622307398481,105.5159589140506,26544,105.55343579863043,105.59566561891393,ZZ0000000008:XETR:EUR,DEMO
2024-01-03 14:30:00+00:00,2024-01-03 14:25:00+00:00,2024-01-03,2024-01-03 08:00:00+00:00,2024-01-03 16:30:00+00:00,105.57455070877218,105.635660253683,105.6673509517591,105.54287834355955,11834,105.61453312163226,105.65678738573374,ZZ0000000008:XETR:EUR,DEMO
2024-01-03 14:35:00+00:00,2024-01-03 14:30:00+00:00,2024-01-03,2024-01-03 08:00:00+00:00,2024-01-03 16:30:00+00:00,105.635660253683,105.78310382313805,105.81483875428499,105.6039695556069,16497,105.76194720237342,105.80426044390268,ZZ0000000008:XETR:EUR,DEMO
2024-01-03 14:40:00+00:00,2024-01-03 14:35:00+00:00,2024-01-03,2024-01-03 08:00:00+00:00,2024-01-03 16:30:00+00:00,105.78310382313805,105.83870808791896,105.87045970034534,105.7513688919911,23349,105.81754034630139,105.85987582953653,ZZ0000000008:XETR:EUR,DEMO
2024-01-03 14:45:00+00:00,2024-01-03 14:40:00+00:00,2024-01-03,2024-01-03 08:00:00+00:00,2024-01-03 16:30:00+00:00,105.83870808791896,105.8409580538811,105.87271034129725,105.80695647549258,12625,105.81978986227033,105.86212624549187,ZZ0000000008:XETR:EUR,DEMO
2024-01-03 14:50:00+00:00,2024-01-03 14:45:00+00:00,2024-01-03,2024-01-03 08:00:00+00:00,2024-01-03 16:30:00+00:00,105.8409580538811,105.97175566769181,106.00354719439211,105.80920576646494,23110,105.95056131655828,105.99295001882534,ZZ0000000008:XETR:EUR,DEMO
2024-01-03 14:55:00+00:00,2024-01-03 14:50:00+00:00,2024-01-03,2024-01-03 08:00:00+00:00,2024-01-03 16:30:00+00:00,105.97175566769181,106.04522009287798,106.07703365890585,105.9399641409915,24661,106.0240110488594,106.06642913689656,ZZ0000000008:XETR:EUR,DEMO
2024-01-03 15:00:00+00:00,2024-01-03 14:55:00+00:00,2024-01-03,2024-01-03 08:00:00+00:00,2024-01-03 16:30:00+00:00,106.04522009287798,106.2127557871882,106.24461961392436,106.01340652685012,23258,106.19151323603076,106.23399833834564,ZZ0000000008:XETR:EUR,DEMO
2024-01-03 15:05:00+00:00,2024-01-03 15:00:00+00:00,2024-01-03,2024-01-03 08:00:00+00:00,2024-01-03 16:30:00+00:00,106.2127557871882,106.26551281749774,106.29739247134299,106.18089196045204,16100,106.24425971493424,106.28676592006123,ZZ0000000008:XETR:EUR,DEMO
2024-01-03 15:10:00+00:00,2024-01-03 15:05:00+00:00,2024-01-03,2024-01-03 08:00:00+00:00,2024-01-03 16:30:00+00:00,106.26551281749774,106.1986317388601,106.29739247134299,106.16677214933844,10395,106.17739201251233,106.21987146520787,ZZ0000000008:XETR:EUR,DEMO
2024-01-03 15:15:00+00:00,2024-01-03 15:10:00+00:00,2024-01-03,2024-01-03 08:00:00+00:00,2024-01-03 16:30:00+00:00,106.1986317388601,106.11959337876186,106.23049132838176,106.08775750074824,27747,106.09836946008612,106.14081729743761,ZZ0000000008:XETR:EUR,DEMO
2024-01-03 15:20:00+00:00,2024-01-03 15:15:00+00:00,2024-01-03,2024-01-03 08:00:00+00:00,2024-01-03 16:30:00+00:00,106.11959337876186,106.29704006971083,106.32892918173174,106.08775750074824,16530,106.27578066169688,106.31829947772478,ZZ0000000008:XETR:EUR,DEMO
2024-01-03 15:25:00+00:00,2024-01-03 15:20:00+00:00,2024-01-03,2024-01-03 08:00:00+00:00,2024-01-03 16:30:00+00:00,106.29704006971083,106.48097944865913,106.51292374249373,106.26515095768993,26100,106.4596832527694,106.50227564454886,ZZ0000000008:XETR:EUR,DEMO
2024-01-03 15:30:00+00:00,2024-01-03 15:25:00+00:00,2024-01-03,2024-01-03 08:00:00+00:00,2024-01-03 16:30:00+00:00,106.48097944865913,106.5029577540522,106.53490864137842,106.44903515482453,13956,106.48165716250139,106.52425834560302,ZZ0000000008:XETR:EUR,DEMO
2024-01-03 15:35:00+00:00,2024-01-03 15:30:00+00:00,2024-01-03,2024-01-03 08:00:00+00:00,2024-01-03 16:30:00+00:00,106.5029577540522,106.50758542334195,106.53953769896896,106.47100686672599,13248,106.48628390625728,106.52888694042662,ZZ0000000008:XETR:EUR,DEMO
2024-01-03 15:40:00+00:00,2024-01-03 15:35:00+00:00,2024-01-03,2024-01-03 08:00:00+00:00,2024-01-03 16:30:00+00:00,106.50758542334195,106.66950996360947,106.70151081659856,106.47563314771494,25563,106.64817606161675,106.69084386560219,ZZ0000000008:XETR:EUR,DEMO
2024-01-03 15:45:00+00:00,2024-01-03 15:40:00+00:00,2024-01-03,2024-01-03 08:00:00+00:00,2024-01-03 16:30:00+00:00,106.66950996360947,106.6123891751246,106.70151081659856,106.58040545837207,28794,106.59106669728958,106.63371165295963,ZZ0000000008:XETR:EUR,DEMO
2024-01-03 15:50:00+00:00,2024-01-03 15:45:00+00:00,2024-01-03,2024-01-03 08:00:00+00:00,2024-01-03 16:30:00+00:00,106.6123891751246,106.57339945451179,106.64437289187714,106.54142743467544,27212,106.55208477462088,106.5947141344027,ZZ0000000008:XETR:EUR,DEMO
2024-01-03 15:55:00+00:00,2024-01-03 15:50:00+00:00,2024-01-03,2024-01-03 08:00:00+00:00,2024-01-03 16:30:00+00:00,106.57339945451179,106.6655892138181,106.69758889058224,106.54142743467544,25024,106.64425609597534,106.68692233166085,ZZ0000000008:XETR:EUR,DEMO
2024-01-03 16:00:00+00:00,2024-01-03 15:55:00+00:00,2024-01-03,2024-01-03 08:00:00+00:00,2024-01-03 16:30:00+00:00,106.6655892138181,106.66924960249806,106.7012503773788,106.63358953705395,14933,106.64791575257756,106.69058345241855,ZZ0000000008:XETR:EUR,DEMO
2024-01-03 16:05:00+00:00,2024-01-03 16:00:00+00:00,2024-01-03,2024-01-03 08:00:00+00:00,2024-01-03 16:30:00+00:00,106.66924960249806,106.7061531454613,106.73816499140493,106.63724882761731,28264,106.68481191483221,106.72749437609039,ZZ0000000008:XETR:EUR,DEMO
2024-01-03 16:10:00+00:00,2024-01-03 16:05:00+00:00,2024-01-03,2024-01-03 08:00:00+00:00,2024-01-03 16:30:00+00:00,106.7061531454613,106.72955057349263,106.76156943866468,106.67414129951767,23356,106.70820466337794,106.75089648360732,ZZ0000000008:XETR:EUR,DEMO
2024-01-03 16:15:00+00:00,2024-01-03 16:10:00+00:00,2024-01-03,2024-01-03 08:00:00+00:00,2024-01-03 16:30:00+00:00,106.72955057349263,106.79574978170363,106.82778850663814,106.69753170832058,13443,106.7743906317473,106.81710893165997,ZZ0000000008:XETR:EUR,DEMO
2024-01-03 16:20:00+00:00,2024-01-03 16:15:00+00:00,2024-01-03,2024-01-03 08:00:00+00:00,2024-01-03 16:30:00+00:00,106.79574978170363,106.95349514496952,106.98558119351301,106.76371105676913,12587,106.93210444594052,106.97488584399852,ZZ0000000008:XETR:EUR,DEMO
2024-01-03 16:25:00+00:00,2024-01-03 16:20:00+00:00,2024-01-03,2024-01-03 08:00:00+00:00,2024-01-03 16:30:00+00:00,106.95349514496952,106.99868911201924,107.03078871875283,106.92140909642603,27423,106.97728937419683,107.02008884984164,ZZ0000000008:XETR:EUR,DEMO
2024-01-03 16:30:00+00:00,2024-01-03 16:25:00+00:00,2024-01-03,2024-01-03 08:00:00+00:00,2024-01-03 16:30:00+00:00,106.99868911201924,107.09129919368519,107.12342658344329,106.96658950528564,15503,107.06988093384645,107.11271745352393,ZZ0000000008:XETR:EUR,DEMO
2024-01-04 08:05:00+00:00,2024-01-04 08:00:00+00:00,2024-01-04,2024-01-04 08:00:00+00:00,2024-01-04 16:30:00+00:00,107.09129919368519,106.95322575932855,107.12342658344329,106.92113979160075,25317,106.93183511417668,106.97461640448041,ZZ0000000008:XETR:EUR,DEMO
2024-01-04 08:10:00+00:00,2024-01-04 08:05:00+00:00,2024-01-04,2024-01-04 08:00:00+00:00,2024-01-04 16:30:00+00:00,106.95322575932855,106.98649608984078,107.01859203866773,106.92113979160075,12773,106.96509879062282,107.00789338905875,ZZ0000000008:XETR:EUR,DEMO
2024-01-04 08:15:00+00:00,2024-01-04 08:10:00+00:00,2024-01-04,2024-01-04 08:00:00+00:00,2024-01-04 16:30:00+00:00,106.98649608984078,106.95177559702663,107.01859203866773,106.91969006434752,15610,106.93038524190722,106.97316595214603,ZZ0000000008:XETR:EUR,DEMO
2024-01-04 08:20:00+00:00,2024-01-04 08:15:00+00:00,2024-01-04,2024-01-04 08:00:00+00:00,2024-01-04 16:30:00+00:00,106.95177559702663,106.88494622977782,106.98386112970573,106.85288074590889,15670,106.86356924053187,106.90632321902378,ZZ0000000008:XETR:EUR,DEMO
2024-01-04 08:25:00+00:00,2024-01-04 08:20:00+00:00,2024-01-04,2024-01-04 08:00:00+00:00,2024-01-04 16:30:00+00:00,106.88494622977782,106.84727358674752,106.91701171364676,106.8152194046715,15622,106.82590413203017,106.86864304146486,ZZ0000000008:XETR:EUR,DEMO
2024-01-04 08:30:00+00:00,2024-01-04 08:25:00+00:00,2024-01-04,2024-01-04 08:00:00+00:00,2024-01-04 16:30:00+00:00,106.84727358674752,106.8561103549595,106.88816718806598,106.8152194046715,23494,106.8347391328885,106.8774815770305,ZZ0000000008:XETR:EUR,DEMO
2024-01-04 08:35:00+00:00,2024-01-04 08:30:00+00:00,2024-01-04,2024-01-04 08:00:00+00:00,2024-01-04 16:30:00+00:00,106.8561103549595,106.97186847572154,107.00396003626425,106.82405352185302,28287,106.95047410202639,106.99326284941668,ZZ0000000008:XETR:EUR,DEMO
2024-01-04 08:40:00+00:00,2024-01-04 08:35:00+00:00,2024-01-04,2024-01-04 08:00:00+00:00,2024-01-04 16:30:00+00:00,106.97186847572154,106.89582630434606,107.00396003626425,106.86375755645476,28206,106.87444713908519,106.91720546960693,ZZ0000000008:XETR:EUR,DEMO
2024-01-04 08:45:00+00:00,2024-01-04 08:40:00+00:00,2024-01-04,2024-01-04 08:00:00+00:00,2024-01-04 16:30:00+00:00,106.89582630434606,106.93586684374905,106.96794760380217,106.86375755645476,24831,106.9144796703803,106.9572540171178,ZZ0000000008:XETR:EUR,DEMO
2024-01-04 08:50:00+00:00,2024-01-04 08:45:00+00:00,2024-01-04,2024-01-04 08:00:00+00:00,2024-01-04 16:30:00+00:00,106.93586684374905,106.93187440923246,106.96794760380217,106.8997948469097,14050,106.91048803435062,106.9532607841143,ZZ0000000008:XETR:EUR,DEMO
2024-01-04 08:55:00+00:00,2024-01-04 08:50:00+00:00,2024-01-04,2024-01-04 08:00:00+00:00,2024-01-04 16:30:00+00:00,106.93187440923246,106.9412700194871,106.97335240049294,106.8997948469097,29211,106.91988176548321,106.962658273491,ZZ0000000008:XETR:EUR,DEMO
2024-01-04 09:00:00+00:00,2024-01-04 08:55:00+00:00,2024-01-04,2024-01-04 08:00:00+00:00,2024-01-04 16:30:00+00:00,106.9412700194871,107.0645594340599,107.09667880189012,106.90918763848127,20841,107.04314652217309,107.08597234594671,ZZ0000000008:XETR:EUR,DEMO
2024-01-04 09:05:00+00:00,2024-01-04 09:00:00+00:00,2024-01-04,2024-01-04 08:00:00+00:00,2024-01-04 16:30:00+00:00,107.0645594340599,107.14815512226569,107.18029956880237,107.03244006622968,20919,107.12672549124125,107.16958475329014,ZZ0000000008:XETR:EUR,DEMO
2024-01-04 09:10:00+00:00,2024-01-04 09:05:00+00:00,2024-01-04,2024-01-04 08:00:00+00:00,2024-01-04 16:30:00+00:00,107.14815512226569,107.30040483396968,107.33259495541986,107.11601067572902,24027,107.27894475300289,107.32186491493647,ZZ0000000008:XETR:EUR,DEMO
2024-01-04 09:15:00+00:00,2024-01-04 09:10:00+00:00,2024-01-04,2024-01-04 08:00:00+00:00,2024-01-04 16:30:00+00:00,107.30040483396968,107.32469990815888,107.35689731813132,107.2682147125195,25381,107.30323496817725,107.3461648481405,ZZ0000000008:XETR:EUR,DEMO
2024-01-04 09:20:00+00:00,2024-01-04 09:15:00+00:00,2024-01-04,2024-01-04 08:00:00+00:00,2024-01-04 16:30:00+00:00,107.32469990815888,107.30251238132604,107.35689731813132,107.27032162761165,29058,107.28105187884978,107.3239728838023,ZZ0000000008:XETR:EUR,DEMO
2024-01-04 09:25:00+00:00,2024-01-04 09:20:00+00:00,2024-01-04,2024-01-04 08:00:00+00:00,2024-01-04 16:30:00+00:00,107.30251238132604,107.32085333719226,107.35304959319342,107.27032162761165,21647,107.29938916652482,107.3423175078597,ZZ0000000008:XETR:EUR,DEMO
2024-01-04 09:30:00+00:00,2024-01-04 09:25:00+00:00,2024-01-04,2024-01-04 08:00:00+00:00,2024-01-04 16:30:00+00:00,107.32085333719226,107.37925148869898,107.41146526414559,107.2886570811911,22201,107.35777563840125,107.40072733899672,ZZ0000000008:XETR:EUR,DEMO
2024-01-04 09:35:00+00:00,2024-01-04 09:30:00+00:00,2024-01-04,2024-01-04 08:00:00+00:00,2024-01-04 16:30:00+00:00,107.37925148869898,107.43201543808401,107.46424504271543,107.34703771325238,24910,107.41052903499639,107.45350184117163,ZZ0000000008:XETR:EUR,DEMO
2024-01-04 09:40:00+00:00,2024-01-04 09:35:00+00:00,2024-01-04,2024-01-04 08:00:00+00:00,2024-01-04 16:30:00+00:00,107.43201543808401,107.37643263017638,107.46424504271543,107.34421970038733,15102,107.35495734365036,107.39790791670241,ZZ0000000008:XETR:EUR,DEMO
2024-01-04 09:45:00+00:00,2024-01-04 09:40:00+00:00,2024-01-04,2024-01-04 08:00:00+00:00,2024-01-04 16:30:00+00:00,107.37643263017638,107.42179713767356,107.45402367681487,107.34421970038733,16154,107.40031277824603,107.4432814971011,ZZ0000000008:XETR:EUR,DEMO
2024-01-04 09:50:00+00:00,2024-01-04 09:45:00+00:00,2024-01-04,2024-01-04 08:00:00+00:00,2024-01-04 16:30:00+00:00,107.42179713767356,107.47902336207163,107.51126706908025,107.38957059853226,22509,107.45752755739922,107.50051916674404,ZZ0000000008:XETR:EUR,DEMO
2024-01-04 09:55:00+00:00,2024-01-04 09:50:00+00:00,2024-01-04,2024-01-04 08:00:00+00:00,2024-01-04 16:30:00+00:00,107.47902336207163,107.73340209552028,107.76572211614892,107.44677965506301,11282,107.71185541510117,107.75494877593938,ZZ0000000008:XETR:EUR,DEMO
2024-01-04 10:00:00+00:00,2024-01-04 09:55:00+00:00,2024-01-04,2024-01-04 08:00:00+00:00,2024-01-04 16:30:00+00:00,107.73340209552028,107.93305263742556,107.96543255321679,107.70108207489163,16409,107.91146602689808,107.95463924795304,ZZ0000000008:XETR:EUR,DEMO
2024-01-04 10:05:00+00:00,2024-01-04 10:00:00+00:00,2024-01-04,2024-01-04 08:00:00+00:00,2024-01-04 16:30:00+00:00,107.93305263742556,107.89716064734729,107.96543255321679,107.86479149915309,24359,107.87558121521782,107.91874007947676,ZZ0000000008:XETR:EUR,DEMO
2024-01-04 10:10:00+00:00,2024-01-04 10:05:00+00:00,2024-01-04,2024-01-04 08:00:00+00:00,2024-01-04 16:30:00+00:00,107.89716064734729,107.91011915269041,107.94249218843622,107.86479149915309,29522,107.88853712885988,107.93170117652095,ZZ0000000008:XETR:EUR,DEMO
2024-01-04 10:15:00+00:00,2024-01-04 10:10:00+00:00,2024-01-04,2024-01-04 08:00:00+00:00,2024-01-04 16:30:00+00:00,107.91011915269041,107.82158786991528,107.94249218843622,107.7892413935543,20389,107.8000235523413,107.84315218748925,ZZ0000000008:XETR:EUR,DEMO
2024-01-04 10:20:00+00:00,2024-01-04 10:15:00+00:00,2024-01-04,2024-01-04 08:00:00+00:00,2024-01-04 16:30:00+00:00,107.82158786991528,107.80837346093317,107.85393434627625,107.7760309488949,17993,107.78681178624099,107.82993513562535,ZZ0000000008:XETR:EUR,DEMO
2024-01-04 10:25:00+00:00,2024-01-04 10:20:00+00:00,2024-01-04,2024-01-04 08:00:00+00:00,2024-01-04 16:30:00+00:00,107.80837346093317,107.87334585176677,107.9057078555223,107.7760309488949,18807,107.85177118259642,107.89492052093712,ZZ0000000008:XETR:EUR,DEMO
2024-01-04 10:30:00+00:00,2024-01-04 10:25:00+00:00,2024-01-04,2024-01-04 08:00:00+00:00,2024-01-04 16:30:00+00:00,107.87334585176677,108.01525835910213,108.04766293660987,107.84098384801125,23708,107.99365530743032,108.03686141077395,ZZ0000000008:XETR:EUR,DEMO
2024-01-04 10:35:00+00:00,2024-01-04 10:30:00+00:00,2024-01-04,2024-01-04 08:00:00+00:00,2024-01-04 16:30:00+00:00,108.01525835910213,107.99006489476541,108.04766293660987,107.95766787529699,20889,107.96846688178645,108.01166290774437,ZZ0000000008:XETR:EUR,DEMO
2024-01-04 10:40:00+00:00,2024-01-04 10:35:00+00:00,2024-01-04,2024-01-04 08:00:00+00:00,2024-01-04 16:30:00+00:00,107.99006489476541,107.97134998612188,108.02246191423383,107.93895858112604,10464,107.94975571612466,107.9929442561191,ZZ0000000008:XETR:EUR,DEMO
2024-01-04 10:45:00+00:00,2024-01-04 10:40:00+00:00,2024-01-04,2024-01-04 08:00:00+00:00,2024-01-04 16:30:00+00:00,107.97134998612188,107.8237643614594,108.00374139111771,107.79141723215096,20784,107.8021996085871,107.84532911433169,ZZ0000000008:XETR:EUR,DEMO
2024-01-04 10:50:00+00:00,2024-01-04 10:45:00+00:00,2024-01-04,2024-01-04 08:00:00+00:00,2024-01-04 16:30:00+00:00,107.8237643614594,107.84747388385512,107.87982812602027,107.79141723215096,18001,107.82590438907835,107.86904337863189,ZZ0000000008:XETR:EUR,DEMO
2024-01-04 10:55:00+00:00,2024-01-04 10:50:00+00:00,2024-01-04,2024-01-04 08:00:00+00:00,2024-01-04 16:30:00+00:00,107.84747388385512,107.79357100628167,107.87982812602027,107.76123293497979,24016,107.77201229208042,107.81512972048291,ZZ0000000008:XETR:EUR,DEMO
2024-01-04 11:00:00+00:00,2024-01-04 10:55:00+00:00,2024-01-04,2024-01-04 08:00:00+00:00,2024-01-04 16:30:00+00:00,107.79357100628167,107.78564291449327,107.82590907758355,107.75330722161893,27502,107.76408578591037,107.80720004307616,ZZ0000000008:XETR:EUR,DEMO
2024-01-04 11:05:00+00:00,2024-01-04 11:00:00+00:00,2024-01-04,2024-01-04 08:00:00+00:00,2024-01-04 16:30:00+00:00,107.78564291449327,107.74776414470459,107.8179786073676,107.71543981546118,29248,107.72621459187565,107.76931369753353,ZZ0000000008:XETR:EUR,DEMO
2024-01-04 11:10:00+00:00,2024-01-04 11:05:00+00:00,2024-01-04,2024-01-04 08:00:00+00:00,2024-01-04 16:30:00+00:00,107.74776414470459,107.77735466102799,107.80968786742629,107.71543981546118,22204,107.75579919009579,107.79891013196018,ZZ0000000008:XETR:EUR,DEMO
2024-01-04 11:15:00+00:00,2024-01-04 11:10:00+00:00,2024-01-04,2024-01-04 08:00:00+00:00,2024-01-04 16:30:00+00:00,107.77735466102799,107.66358217501573,107.80968786742629,107.63128310036323,17251,107.64204945858073,107.68511489145074,ZZ0000000008:XETR:EUR,DEMO
2024-01-04 11:20:00+00:00,2024-01-04 11:15:00+00:00,2024-01-04,2024-01-04 08:00:00+00:00,2024-01-04 16:30:00+00:00,107.66358217501573,107.57494305991437,107.69588124966823,107.5426705769964,18878,107.55342807130239,107.59645804852636,ZZ0000000008:XETR:EUR,DEMO
2024-01-04 11:25:00+00:00,2024-01-04 11:20:00+00:00,2024-01-04,2024-01-04 08:00:00+00:00,2024-01-04 16:30:00+00:00,107.57494305991437,107.79606414652375,107.8284029657677,107.5426705769964,13529,107.77450493369444,107.81762335935305,ZZ0000000008:XETR:EUR,DEMO
2024-01-04 11:30:00+00:00,2024-01-04 11:25:00+00:00,2024-01-04,2024-01-04 08:00:00+00:00,2024-01-04 16:30:00+00:00,107.79606414652375,107.722794411515,107.8284029657677,107.69047757319154,28718,107.7012498526327,107.7443389703973,ZZ0000000008:XETR:EUR,DEMO
2024-01-04 11:35:00+00:00,2024-01-04 11:30:00+00:00,2024-01-04,2024-01-04 08:00:00+00:00,2024-01-04 16:30:00+00:00,107.722794411515,107.66599332422572,107.75511124983845,107.63369352622846,26946,107.64446012556088,107.68752652289056,ZZ0000000008:XETR:EUR,DEMO
2024-01-04 11:40:00+00:00,2024-01-04 11:35:00+00:00,2024-01-04,2024-01-04 08:00:00+00:00,2024-01-04 16:30:00+00:00,107.66599332422572,107.86207325026905,107.89443187224413,107.63369352622846,27079,107.840500835619,107.8836456649191,ZZ0000000008:XETR:EUR,DEMO
2024-01-04 11:45:00+00:00,2024-01-04 11:40:00+00:00,2024-01-04,2024-01-04 08:00:00+00:00,2024-01-04 16:30:00+00:00,107.86207325026905,108.15088821141481,108.18333347787824,107.82971462829397,16562,108.12925803377253,108.17251838905709,ZZ0000000008:XETR:EUR,DEMO
2024-01-04 11:50:00+00:00,2024-01-04 11:45:00+00:00,2024-01-04,2024-01-04 08:00:00+00:00,2024-01-04 16:30:00+00:00,108.15088821141481,108.08739489023978,108.18333347787824,108.05496867177271,16444,108.06577741126173,108.10901236921782,ZZ0000000008:XETR:EUR,DEMO
2024-01-04 11:55:00+00:00,2024-01-04 11:50:00+00:00,2024-01-04,2024-01-04 08:00:00+00:00,2024-01-04 16:30:00+00:00,108.08739489023978,108.09338318799995,108.12581120295634,108.05496867177271,27132,108.07176451136235,108.11500186463755,ZZ0000000008:XETR:EUR,DEMO
2024-01-04 12:00:00+00:00,2024-01-04 11:55:00+00:00,2024-01-04,2024-01-04 08:00:00+00:00,2024-01-04 16:30:00+00:00,108.09338318799995,108.16077278606882,108.19322101790463,108.06095517304355,20890,108.13914063151161,108.18240494062603,ZZ0000000008:XETR:EUR,DEMO
2024-01-04 12:05:00+00:00,2024-01-04 12:00:00+00:00,2024-01-04,2024-01-04 08:00:00+00:00,2024-01-04 16:30:00+00:00,108.16077278606882,108.34837338008647,108.3808778921005,108.128324554233,24093,108.32670370541045,108.37004305476249,ZZ0000000008:XETR:EUR,DEMO
2024-01-04 12:10:00+00:00,2024-01-04 12:05:00+00:00,2024-01-04,2024-01-04 08:00:00+00:00,2024-01-04 16:30:00+00:00,108.34837338008647,108.30076628548846,108.3808778921005,108.26827605560283,19796,108.27910613223136,108.32242643874557,ZZ0000000008:XETR:EUR,DEMO
2024-01-04 12:15:00+00:00,2024-01-04 12:10:00+00:00,2024-01-04,2024-01-04 08:00:00+00:00,2024-01-04 16:30:00+00:00,108.30076628548846,108.31742181134527,108.34991703788867,108.26827605560283,18855,108.295758326983,108.33908529570753,ZZ0000000008:XETR:EUR,DEMO
2024-01-04 12:20:00+00:00,2024-01-04 12:15:00+00:00,2024-01-04,2024-01-04 08:00:00+00:00,2024-01-04 16:30:00+00:00,108.31742181134527,108.42274344185188,108.45527026488443,108.28492658480187,22644,108.40105889316351,108.44442799054025,ZZ0000000008:XETR:EUR,DEMO
2024-01-04 12:25:00+00:00,2024-01-04 12:20:00+00:00,2024-01-04,2024-01-04 08:00:00+00:00,2024-01-04 16:30:00+00:00,108.42274344185188,108.49842863047357,108.53097815906271,108.39021661881932,26259,108.47672894474748,108.52012831619966,ZZ0000000008:XETR:EUR,DEMO
2024-01-04 12:30:00+00:00,2024-01-04 12:25:00+00:00,2024-01-04,2024-01-04 08:00:00+00:00,2024-01-04 16:30:00+00:00,108.49842863047357,108.5037533370299,108.53630446303102,108.46587910188443,16682,108.4820525863625,108.52545408769731,ZZ0000000008:XETR:EUR,DEMO
2024-01-04 12:35:00+00:00,2024-01-04 12:30:00+00:00,2024-01-04,2024-01-04 08:00:00+00:00,2024-01-04 16:30:00+00:00,108.5037533370299,108.53011661779124,108.56267565277658,108.4712022110288,26182,108.50841059446768,108.5518226411148,ZZ0000000008:XETR:EUR,DEMO
2024-01-04 12:40:00+00:00,2024-01-04 12:35:00+00:00,2024-01-04,2024-01-04 08:00:00+00:00,2024-01-04 16:30:00+00:00,108.53011661779124,108.44875858635558,108.56267565277658,108.41622395877968,14884,108.4270688346383,108.47044833807286,ZZ0000000008:XETR:EUR,DEMO
2024-01-04 12:45:00+00:00,2024-01-04 12:40:00+00:00,2024-01-04,2024-01-04 08:00:00+00:00,2024-01-04 16:30:00+00:00,108.44875858635558,108.46605331325188,108.49859312924585,108.41622395877968,18056,108.44436010258923,108.48774652391452,ZZ0000000008:XETR:EUR,DEMO
2024-01-04 12:50:00+00:00,2024-01-04 12:45:00+00:00,2024-01-04,2024-01-04 08:00:00+00:00,2024-01-04 16:30:00+00:00,108.46605331325188,108.48090224846914,108.51344651914367,108.4335134972579,28253,108.45920606801944,108.50259842891883,ZZ0000000008:XETR:EUR,DEMO
2024-01-04 12:55:00+00:00,2024-01-04 12:50:00+00:00,2024-01-04,2024-01-04 08:00:00+00:00,2024-01-04 16:30:00+00:00,108.48090224846914,108.53903493403061,108.57159664451082,108.4483579777946,29089,108.51732712704381,108.5607427410174,ZZ0000000008:XETR:EUR,DEMO
2024-01-04 13:00:00+00:00,2024-01-04 12:55:00+00:00,2024-01-04,2024-01-04 08:00:00+00:00,2024-01-04 16:30:00+00:00,108.53903493403061,108.52880433411978,108.57159664451082,108.49624569281956,28477,108.50709857325296,108.5505100949866,ZZ0000000008:XETR:EUR,DEMO
2024-01-04 13:05:00+00:00,2024-01-04 13:00:00+00:00,2024-01-04,2024-01-04 08:00:00+00:00,2024-01-04 16:30:00+00:00,108.52880433411978,108.60775853075899,108.64034085831821,108.49624569281956,16320,108.58603697905284,108.62948008246514,ZZ0000000008:XETR:EUR,DEMO
2024-01-04 13:10:00+00:00,2024-01-04 13:05:00+00:00,2024-01-04,2024-01-04 08:00:00+00:00,2024-01-04 16:30:00+00:00,108.60775853075899,108.73383540357486,108.76645555419593,108.57517620319976,26866,108.71208863649414,108.75558217065557,ZZ0000000008:XETR:EUR,DEMO
2024-01-04 13:15:00+00:00,2024-01-04 13:10:00+00:00,2024-01-04,2024-01-04 08:00:00+00:00,2024-01-04 16:30:00+00:00,108.73383540357486,108.78542482209576,108.81806044954239,108.70121525295379,28721,108.76366773713134,108.80718190706018,ZZ0000000008:XETR:EUR,DEMO
2024-01-04 13:20:00+00:00,2024-01-04 13:15:00+00:00,2024-01-04,2024-01-04 08:00:00+00:00,2024-01-04 16:30:00+00:00,108.78542482209576,108.85413418648054,108.88679042673648,108.75278919464914,29564,108.83236335964324,108.87590501331783,ZZ0000000008:XETR:EUR,DEMO
2024-01-04 13:25:00+00:00,2024-01-04 13:20:00+00:00,2024-01-04,2024-01-04 08:00:00+00:00,2024-01-04 16:30:00+00:00,108.85413418648054,108.89687046388067,108.92953952501983,108.82147794622459,10418,108.8750910897879,108.91864983797345,ZZ0000000008:XETR:EUR,DEMO
2024-01-04 13:30:00+00:00,2024-01-04 13:25:00+00:00,2024-01-04,2024-01-04 08:00:00+00:00,2024-01-04 16:30:00+00:00,108.89687046388067,108.93499839394336,108.96767889346154,108.86420140274151,24899,108.91321139426458,108.95678539362214,ZZ0000000008:XETR:EUR,DEMO
2024-01-04 13:35:00+00:00,2024-01-04 13:30:00+00:00,2024-01-04,2024-01-04 08:00:00+00:00,2024-01-04 16:30:00+00:00,108.93499839394336,108.91024611734086,108.96767889346154,108.87757304350566,29934,108.8884640681174,108.93202816656432,ZZ0000000008:XETR:EUR,DEMO
2024-01-04 13:40:00+00:00,2024-01-04 13:35:00+00:00,2024-01-04,2024-01-04 08:00:00+00:00,2024-01-04 16:30:00+00:00,108.91024611734086,108.97596009502115,109.00865288304965,108.87757304350566,25293,108.95416490300215,108.99775528704015,ZZ0000000008:XETR:EUR,DEMO
2024-01-04 13:45:00+00:00,2024-01-04 13:40:00+00:00,2024-01-04,2024-01-04 08:00:00+00:00,2024-01-04 16:30:00+00:00,108.97596009502115,109.00562419734815,109.03832588460736,108.94326730699265,14663,108.98382307250868,109.02742532218763,ZZ0000000008:XETR:EUR,DEMO
2024-01-04 13:50:00+00:00,2024-01-04 13:45:00+00:00,2024-01-04,2024-01-04 08:00:00+00:00,2024-01-04 16:30:00+00:00,109.00562419734815,109.22653340398654,109.25930136400773,108.97292251008895,25251,109.20468809730575,109.24837871066732,ZZ0000000008:XETR:EUR,DEMO
2024-01-04 13:55:00+00:00,2024-01-04 13:50:00+00:00,2024-01-04,2024-01-04 08:00:00+00:00,2024-01-04 16:30:00+00:00,109.22653340398654,109.40238577964834,109.43520649538223,109.19376544396535,12104,109.38050530249241,109.42426625680427,ZZ0000000008:XETR:EUR,DEMO
2024-01-04 14:00:00+00:00,2024-01-04 13:55:00+00:00,2024-01-04,2024-01-04 08:00:00+00:00,2024-01-04 16:30:00+00:00,109.40238577964834,109.4744703790232,109.50731272013691,109.36956506391445,19612,109.4525754849474,109.496365273099,ZZ0000000008:XETR:EUR,DEMO
2024-01-04 14:05:00+00:00,2024-01-04 14:00:00+00:00,2024-01-04,2024-01-04 08:00:00+00:00,2024-01-04 16:30:00+00:00,109.4744703790232,109.44596192914939,109.50731272013691,109.41312814057065,22524,109.42407273676356,109.46785112153522,ZZ0000000008:XETR:EUR,DEMO
2024-01-04 14:10:00+00:00,2024-01-04 14:05:00+00:00,2024-01-04,2024-01-04 08:00:00+00:00,2024-01-04 16:30:00+00:00,109.44596192914939,109.38688481109986,109.47879571772813,109.35406874565653,19129,109.36500743413764,109.40876218806208,ZZ0000000008:XETR:EUR,DEMO
2024-01-04 14:15:00+00:00,2024-01-04 14:10:00+00:00,2024-01-04,2024-01-04 08:00:00+00:00,2024-01-04 16:30:00+00:00,109.38688481109986,109.52949944153632,109.56235829136877,109.35406874565653,23996,109.507593541648,109.55140534142463,ZZ0000000008:XETR:EUR,DEMO
2024-01-04 14:20:00+00:00,2024-01-04 14:15:00+00:00,2024-01-04,2024-01-04 08:00:00+00:00,2024-01-04 16:30:00+00:00,109.52949944153632,109.59087498889477,109.62375225139144,109.49664059170387,14804,109.56895681389699,109.61279316389255,ZZ0000000008:XETR:EUR,DEMO
2024-01-04 14:25:00+00:00,2024-01-04 14:20:00+00:00,2024-01-04,2024-01-04 08:00:00+00:00,2024-01-04 16:30:00+00:00,109.59087498889477,109.67135680152647,109.70425820856693,109.5579977263981,22124,109.64942253016616,109.69329107288678,ZZ0000000008:XETR:EUR,DEMO
2024-01-04 14:30:00+00:00,2024-01-04 14:25:00+00:00,2024-01-04,2024-01-04 08:00:00+00:00,2024-01-04 16:30:00+00:00,109.67135680152647,109.55673682431872,109.70425820856693,109.52386980327142,22896,109.53482547695386,109.57864817168358,ZZ0000000008:XETR:EUR,DEMO
2024-01-04 14:35:00+00:00,2024-01-04 14:30:00+00:00,2024-01-04,2024-01-04 08:00:00+00:00,2024-01-04 16:30:00+00:00,109.55673682431872,109.67643272824787,109.70933565806635,109.52386980327142,22675,109.65449744170223,109.69836801479352,ZZ0000000008:XETR:EUR,DEMO
2024-01-04 14:40:00+00:00,2024-01-04 14:35:00+00:00,2024-01-04,2024-01-04 08:00:00+00:00,2024-01-04 16:30:00+00:00,109.67643272824787,109.75471876766917,109.78764518329947,109.6435297984294,15786,109.73276782391564,109.77666971142271,ZZ0000000008:XETR:EUR,DEMO
2024-01-04 14:45:00+00:00,2024-01-04 14:40:00+00:00,2024-01-04,2024-01-04 08:00:00+00:00,2024-01-04 16:30:00+00:00,109.75471876766917,109.69564881467491,109.78764518329947,109.6627401200305,16107,109.67370968491198,109.71758794443784,ZZ0000000008:XETR:EUR,DEMO
2024-01-04 14:50:00+00:00,2024-01-04 14:45:00+00:00,2024-01-04,2024-01-04 08:00:00+00:00,2024-01-04 16:30:00+00:00,109.69564881467491,109.69266295664917,109.72855750931932,109.65975515776218,15156,109.67072442405785,109.7146014892405,ZZ0000000008:XETR:EUR,DEMO
2024-01-04 14:55:00+00:00,2024-01-04 14:50:00+00:00,2024-01-04,2024-01-04 08:00:00+00:00,2024-01-04 16:30:00+00:00,109.69266295664917,109.75421492552033,109.78714118999798,109.65975515776218,19235,109.73226408253522,109.77616576850544,ZZ0000000008:XETR:EUR,DEMO
2024-01-04 15:00:00+00:00,2024-01-04 14:55:00+00:00,2024-01-04,2024-01-04 08:00:00+00:00,2024-01-04 16:30:00+00:00,109.75421492552033,109.79724409514972,109.83018326837826,109.72128866104268,21719,109.77528464633069,109.81920354396875,ZZ0000000008:XETR:EUR,DEMO
2024-01-04 15:05:00+00:00,2024-01-04 15:00:00+00:00,2024-01-04,2024-01-04 08:00:00+00:00,2024-01-04 16:30:00+00:00,109.79724409514972,109.8100101998776,109.84295320293755,109.76430492192118,17250,109.78804819783763,109.83197220191757,ZZ0000000008:XETR:EUR,DEMO
2024-01-04 15:10:00+00:00,2024-01-04 15:05:00+00:00,2024-01-04,2024-01-04 08:00:00+00:00,2024-01-04 16:30:00+00:00,109.8100101998776,109.83935638584359,109.87230819275933,109.77706719681764,18199,109.81738851456642,109.86132425712076,ZZ0000000008:XETR:EUR,DEMO
2024-01-04 15:15:00+00:00,2024-01-04 15:10:00+00:00,2024-01-04,2024-01-04 08:00:00+00:00,2024-01-04 16:30:00+00:00,109.83935638584359,109.85565974396859,109.88861644189177,109.80640457892784,15728,109.8336886120198,109.87763087591738,ZZ0000000008:XETR:EUR,DEMO
2024-01-04 15:20:00+00:00,2024-01-04 15:15:00+00:00,2024-01-04,2024-01-04 08:00:00+00:00,2024-01-04 16:30:00+00:00,109.85565974396859,109.90752935077536,109.9405016095806,109.8227030460454,14377,109.8855478449052,109.92951085664552,ZZ0000000008:XETR:EUR,DEMO
2024-01-04 15:25:00+00:00,2024-01-04 15:20:00+00:00,2024-01-04,2024-01-04 08:00:00+00:00,2024-01-04 16:30:00+00:00,109.90752935077536,110.07550765886552,110.10853031116318,109.87455709197013,23148,110.05349255733375,110.09752276039728,ZZ0000000008:XETR:EUR,DEMO
2024-01-04 15:30:00+00:00,2024-01-04 15:25:00+00:00,2024-01-04,2024-01-04 08:00:00+00:00,2024-01-04 16:30:00+00:00,110.07550765886552,109.88817269347058,110.10853031116318,109.85520624166254,26321,109.8661950589319,109.91015032800927,ZZ0000000008:XETR:EUR,DEMO
2024-01-04 15:35:00+00:00,2024-01-04 15:30:00+00:00,2024-01-04,2024-01-04 08:00:00+00:00,2024-01-04 16:30:00+00:00,109.88817269347058,109.90581333549632,109.93878507949697,109.85520624166254,15814,109.88383217282922,109.92779449816342,ZZ0000000008:XETR:EUR,DEMO
2024-01-04 15:40:00+00:00,2024-01-04 15:35:00+00:00,2024-01-04,2024-01-04 08:00:00+00:00,2024-01-04 16:30:00+00:00,109.90581333549632,109.95981342475598,109.9928013687834,109.87284159149567,27211,109.93782146207103,109.98180538744093,ZZ0000000008:XETR:EUR,DEMO
2024-01-04 15:45:00+00:00,2024-01-04 15:40:00+00:00,2024-01-04,2024-01-04 08:00:00+00:00,2024-01-04 16:30:00+00:00,109.95981342475598,110.02435624941691,110.05736355629173,109.92682548072855,21419,110.00235137816703,110.04636112066679,ZZ0000000008:XETR:EUR,DEMO
2024-01-04 15:50:00+00:00,2024-01-04 15:45:00+00:00,2024-01-04,2024-01-04 08:00:00+00:00,2024-01-04 16:30:00+00:00,110.02435624941691,110.03012919563962,110.06313823439831,109.99134894254209,13353,110.0081231698005,110.05213522147874,ZZ0000000008:XETR:EUR,DEMO
2024-01-04 15:55:00+00:00,2024-01-04 15:50:00+00:00,2024-01-04,2024-01-04 08:00:00+00:00,2024-01-04 16:30:00+00:00,110.03012919563962,109.91406713651986,110.06313823439831,109.8810929163789,17319,109.89208432309256,109.93604994994716,ZZ0000000008:XETR:EUR,DEMO
2024-01-04 16:00:00+00:00,2024-01-04 15:55:00+00:00,2024-01-04,2024-01-04 08:00:00+00:00,2024-01-04 16:30:00+00:00,109.91406713651986,109.98139872881923,110.01439314843788,109.8810929163789,10150,109.95940244907347,110.003395008565,ZZ0000000008:XETR:EUR,DEMO
2024-01-04 16:05:00+00:00,2024-01-04 16:00:00+00:00,2024-01-04,2024-01-04 08:00:00+00:00,2024-01-04 16:30:00+00:00,109.98139872881923,110.17203836734737,110.20508997885757,109.94840430920058,10783,110.1500039596739,110.19407277502084,ZZ0000000008:XETR:EUR,DEMO
2024-01-04 16:10:00+00:00,2024-01-04 16:05:00+00:00,2024-01-04,2024-01-04 08:00:00+00:00,2024-01-04 16:30:00+00:00,110.17203836734737,110.07545003521363,110.20508997885757,110.04242740020308,16722,110.05343494520659,110.09746512522068,ZZ0000000008:XETR:EUR,DEMO
2024-01-04 16:15:00+00:00,2024-01-04 16:10:00+00:00,2024-01-04,2024-01-04 08:00:00+00:00,2024-01-04 16:30:00+00:00,110.07545003521363,110.19010511980869,110.22316215134462,110.04242740020308,19089,110.16806709878473,110.21214314083265,ZZ0000000008:XETR:EUR,DEMO
2024-01-04 16:20:00+00:00,2024-01-04 16:15:00+00:00,2024-01-04,2024-01-04 08:00:00+00:00,2024-01-04 16:30:00+00:00,110.19010511980869,110.19971189225654,110.23277180582421,110.15704808827276,25950,110.17767194987809,110.221751834635,ZZ0000000008:XETR:EUR,DEMO
2024-01-04 16:25:00+00:00,2024-01-04 16:20:00+00:00,2024-01-04,2024-01-04 08:00:00+00:00,2024-01-04 16:30:00+00:00,110.19971189225654,110.232880441855,110.26595030598756,110.16665197868888,12686,110.21083386576663,110.25492701794337,ZZ0000000008:XETR:EUR,DEMO
2024-01-04 16:30:00+00:00,2024-01-04 16:25:00+00:00,2024-01-04,2024-01-04 08:00:00+00:00,2024-01-04 16:30:00+00:00,110.232880441855,110.1786240783014,110.26595030598756,110.1455704910779,26783,110.15658835348574,110.20065980311705,ZZ0000000008:XETR:EUR,DEMO
2024-01-05 08:05:00+00:00,2024-01-05 08:00:00+00:00,2024-01-05,2024-01-05 08:00:00+00:00,2024-01-05 16:30:00+00:00,110.1786240783014,110.18770703439293,110.22076334650325,110.1455704910779,14690,110.16566949298605,110.2097445757998,ZZ0000000008:XETR:EUR,DEMO
2024-01-05 08:10:00+00:00,2024-01-05 08:05:00+00:00,2024-01-05,2024-01-05 08:00:00+00:00,2024-01-05 16:30:00+00:00,110.18770703439293,110.34097837984073,110.37408067335468,110.15465072228261,12766,110.31891018416476,110.3630465755167,ZZ0000000008:XETR:EUR,DEMO
2024-01-05 08:15:00+00:00,2024-01-05 08:10:00+00:00,2024-01-05,2024-01-05 08:00:00+00:00,2024-01-05 16:30:00+00:00,110.34097837984073,110.4310670786239,110.46419639874748,110.30787608632679,23997,110.40898086520818,110.45315329203962,ZZ0000000008:XETR:EUR,DEMO
2024-01-05 08:20:00+00:00,2024-01-05 08:15:00+00:00,2024-01-05,2024-01-05 08:00:00+00:00,2024-01-05 16:30:00+00:00,110.4310670786239,110.62292523762875,110.65611211520003,110.39793775850032,25486,110.60080065258123,110.64504982267627,ZZ0000000008:XETR:EUR,DEMO
2024-01-05 08:25:00+00:00,2024-01-05 08:20:00+00:00,2024-01-05,2024-01-05 08:00:00+00:00,2024-01-05 16:30:00+00:00,110.62292523762875,110.76593461848509,110.79916439887063,110.58973836005747,22098,110.7437814315614,110.78808780540878,ZZ0000000008:XETR:EUR,DEMO
2024-01-05 08:30:00+00:00,2024-01-05 08:25:00+00:00,2024-01-05,2024-01-05 08:00:00+00:00,2024-01-05 16:30:00+00:00,110.76593461848509,110.84363861522863,110.8768917068132,110.73270483809955,12314,110.82146988750559,110.86580734295167,ZZ0000000008:XETR:EUR,DEMO
2024-01-05 08:35:00+00:00,2024-01-05 08:30:00+00:00,2024-01-05,2024-01-05 08:00:00+00:00,2024-01-05 16:30:00+00:00,110.84363861522863,111.0372460150637,111.07055718886822,110.81038552364406,12306,111.01503856586069,111.05945346426671,ZZ0000000008:XETR:EUR,DEMO
2024-01-05 08:40:00+00:00,2024-01-05 08:35:00+00:00,2024-01-05,2024-01-05 08:00:00+00:00,2024-01-05 16:30:00+00:00,111.0372460150637,111.11513202769328,111.14846656730158,111.00393484125918,17801,111.09290900128774,111.13735505409882,ZZ0000000008:XETR:EUR,DEMO
2024-01-05 08:45:00+00:00,2024-01-05 08:40:00+00:00,2024-01-05,2024-01-05 08:00:00+00:00,2024-01-05 16:30:00+00:00,111.11513202769328,111.22768089846188,111.26104920273141,111.08179748808497,19012,111.20543536228219,111.24992643464158,ZZ0000000008:XETR:EUR,DEMO
2024-01-05 08:50:00+00:00,2024-01-05 08:45:00+00:00,2024-01-05,2024-01-05 08:00:00+00:00,2024-01-05 16:30:00+00:00,111.22768089846188,111.24022177420572,111.27359384073797,111.19431259419235,29972,111.21797372985088,111.26246981856056,ZZ0000000008:XETR:EUR,DEMO
2024-01-05 08:55:00+00:00,2024-01-05 08:50:00+00:00,2024-01-05,2024-01-05 08:00:00+00:00,2024-01-05 16:30:00+00:00,111.24022177420572,111.28508695391265,111.31847247999882,111.20684970767347,15729,111.26282993652187,111.30734397130344,ZZ0000000008:XETR:EUR,DEMO
2024-01-05 09:00:00+00:00,2024-01-05 08:55:00+00:00,2024-01-05,2024-01-05 08:00:00+00:00,2024-01-05 16:30:00+00:00,111.28508695391265,111.2619488434326,111.31847247999882,111.22857025877958,13851,111.23969645366392,111.28420123320129,ZZ0000000008:XETR:EUR,DEMO
2024-01-05 09:05:00+00:00,2024-01-05 09:00:00+00:00,2024-01-05,2024-01-05 08:00:00+00:00,2024-01-05 16:30:00+00:00,111.2619488434326,111.38904549244306,111.42246220609078,111.22857025877958,28918,111.36676768334458,111.41132330154154,ZZ0000000008:XETR:EUR,DEMO
2024-01-05 09:10:00+00:00,2024-01-05 09:05:00+00:00,2024-01-05,2024-01-05 08:00:00+00:00,2024-01-05 16:30:00+00:00,111.38904549244306,111.32305112314091,111.42246220609078,111.28965420780398,13079,111.30078651291629,111.34531573336554,ZZ0000000008:XETR:EUR,DEMO
2024-01-05 09:15:00+00:00,2024-01-05 09:10:00+00:00,2024-01-05,2024-01-05 08:00:00+00:00,2024-01-05 16:30:00+00:00,111.32305112314091,111.43174211883955,111.4651716414752,111.28965420780398,10528,111.40945577041579,111.45402846726331,ZZ0000000008:XETR:EUR,DEMO
2024-01-05 09:20:00+00:00,2024-01-05 09:15:00+00:00,2024-01-05,2024-01-05 08:00:00+00:00,2024-01-05 16:30:00+00:00,111.43174211883955,111.45374973795295,111.48718586287433,111.39831259620391,18456,111.43145898800536,111.47604048790053,ZZ0000000008:XETR:EUR,DEMO
2024-01-05 09:25:00+00:00,2024-01-05 09:20:00+00:00,2024-01-05,2024-01-05 08:00:00+00:00,2024-01-05 16:30:00+00:00,111.45374973795295,111.59728279825605,111.63076198309552,111.42031361303157,18021,111.5749633416964,111.61960225481569,ZZ0000000008:XETR:EUR,DEMO
2024-01-05 09:30:00+00:00,2024-01-05 09:25:00+00:00,2024-01-05,2024-01-05 08:00:00+00:00,2024-01-05 16:30:00+00:00,111.59728279825605,111.70342824632814,111.73693927480204,111.56380361341657,22393,111.68108756067888,111.72576893197741,ZZ0000000008:XETR:EUR,DEMO
2024-01-05 09:35:00+00:00,2024-01-05 09:30:00+00:00,2024-01-05,2024-01-05 08:00:00+00:00,2024-01-05 16:30:00+00:00,111.70342824632814,111.90540476222857,111.93897638365723,111.66991721785425,27554,111.88302368127613,111.92778584318101,ZZ0000000008:XETR:EUR,DEMO
2024-01-05 09:40:00+00:00,2024-01-05 09:35:00+00:00,2024-01-05,2024-01-05 08:00:00+00:00,2024-01-05 16:30:00+00:00,111.90540476222857,112.01004265468053,112.04364566747694,111.87183314079991,28658,111.9876406461496,112.03244466321146,ZZ0000000008:XETR:EUR,DEMO
2024-01-05 09:45:00+00:00,2024-01-05 09:40:00+00:00,2024-01-05,2024-01-05 08:00:00+00:00,2024-01-05 16:30:00+00:00,112.01004265468053,111.90842485550677,112.04364566747694,111.87485232805012,15792,111.88604317053567,111.93080654047786,ZZ0000000008:XETR:EUR,DEMO
2024-01-05 09:50:00+00:00,2024-01-05 09:45:00+00:00,2024-01-05,2024-01-05 08:00:00+00:00,2024-01-05 16:30:00+00:00,111.90842485550677,111.94160362238345,111.97518610347016,111.87485232805012,29616,111.91921530165898,111.96399194310793,ZZ0000000008:XETR:EUR,DEMO
2024-01-05 09:55:00+00:00,2024-01-05 09:50:00+00:00,2024-01-05,2024-01-05 08:00:00+00:00,2024-01-05 16:30:00+00:00,111.94160362238345,111.87584541381742,111.97518610347016,111.84228266019328,22653,111.85347024473465,111.89822058290018,ZZ0000000008:XETR:EUR,DEMO
2024-01-05 10:00:00+00:00,2024-01-05 09:55:00+00:00,2024-01-05,2024-01-05 08:00:00+00:00,2024-01-05 16:30:00+00:00,111.87584541381742,111.86861579689716,111.90940816744155,111.8350552121581,11392,111.84624207373778,111.89098952005654,ZZ0000000008:XETR:EUR,DEMO
2024-01-05 10:05:00+00:00,2024-01-05 10:00:00+00:00,2024-01-05,2024-01-05 08:00:00+00:00,2024-01-05 16:30:00+00:00,111.86861579689716,112.04315305374897,112.07676599966508,111.8350552121581,28768,112.02074442313823,112.06556168435971,ZZ0000000008:XETR:EUR,DEMO
2024-01-05 10:10:00+00:00,2024-01-05 10:05:00+00:00,2024-01-05,2024-01-05 08:00:00+00:00,2024-01-05 16:30:00+00:00,112.04315305374897,112.13955464404452,112.17319651043773,112.00954010783285,12759,112.11712673311571,112.16198255497333,ZZ0000000008:XETR:EUR,DEMO
2024-01-05 10:15:00+00:00,2024-01-05 10:10:00+00:00,2024-01-05,2024-01-05 08:00:00+00:00,2024-01-05 16:30:00+00:00,112.13955464404452,112.11610374297669,112.17319651043773,112.0824689118538,21771,112.0936805222281,112.13852696372528,ZZ0000000008:XETR:EUR,DEMO
2024-01-05 10:20:00+00:00,2024-01-05 10:15:00+00:00,2024-01-05,2024-01-05 08:00:00+00:00,2024-01-05 16:30:00+00:00,112.11610374297669,112.06443305648295,112.14973857409959,112.03081372656601,25814,112.04202016987166,112.08684594309425,ZZ0000000008:XETR:EUR,DEMO
2024-01-05 10:25:00+00:00,2024-01-05 10:20:00+00:00,2024-01-05,2024-01-05 08:00:00+00:00,2024-01-05 16:30:00+00:00,112.06443305648295,112.10660250549208,112.14023448624373,112.03081372656601,14988,112.08418118499098,112.12902382599317,ZZ0000000008:XETR:EUR,DEMO
2024-01-05 10:30:00+00:00,2024-01-05 10:25:00+00:00,2024-01-05,2024-01-05 08:00:00+00:00,2024-01-05 16:30:00+00:00,112.10660250549208,112.03675404501826,112.14023448624373,112.00314301880475,15412,112.01434669420925,112.05916139582726,ZZ0000000008:XETR:EUR,DEMO
2024-01-05 10:35:00+00:00,2024-01-05 10:30:00+00:00,2024-01-05,2024-01-05 08:00:00+00:00,2024-01-05 16:30:00+00:00,112.03675404501826,112.01581496332939,112.07036507123176,111.9822102188404,19523,111.99341180033673,112.03821812632205,ZZ0000000008:XETR:EUR,DEMO
2024-01-05 10:40:00+00:00,2024-01-05 10:35:00+00:00,2024-01-05,2024-01-05 08:00:00+00:00,2024-01-05 16:30:00+00:00,112.01581496332939,112.08300063525829,112.11662553544886,111.9822102188404,27696,112.06058403513124,112.10541723538533,ZZ0000000008:XETR:EUR,DEMO
2024-01-05 10:45:00+00:00,2024-01-05 10:40:00+00:00,2024-01-05,2024-01-05 08:00:00+00:00,2024-01-05 16:30:00+00:00,112.08300063525829,112.22591339114778,112.25958116516513,112.04937573506771,14472,112.20346820846956,112.24835857382601,ZZ0000000008:XETR:EUR,DEMO
2024-01-05 10:50:00+00:00,2024-01-05 10:45:00+00:00,2024-01-05,2024-01-05 08:00:00+00:00,2024-01-05 16:30:00+00:00,112.22591339114778,112.31988683347134,112.35358279952138,112.19224561713044,23269,112.29742285610465,112.34235081083804,ZZ0000000008:XETR:EUR,DEMO
2024-01-05 10:55:00+00:00,2024-01-05 10:50:00+00:00,2024-01-05,2024-01-05 08:00:00+00:00,2024-01-05 16:30:00+00:00,112.31988683347134,112.15343634738957,112.35358279952138,112.11979031648536,19051,112.1310056601201,112.17586703465905,ZZ0000000008:XETR:EUR,DEMO
2024-01-05 11:00:00+00:00,2024-01-05 10:55:00+00:00,2024-01-05,2024-01-05 08:00:00+00:00,2024-01-05 16:30:00+00:00,112.15343634738957,112.22001842582472,112.25368443135247,112.11979031648536,12236,112.19757442213955,112.24246242950989,ZZ0000000008:XETR:EUR,DEMO
2024-01-05 11:05:00+00:00,2024-01-05 11:00:00+00:00,2024-01-05,2024-01-05 08:00:00+00:00,2024-01-05 16:30:00+00:00,112.22001842582472,112.26577164389286,112.29945137538603,112.18635242029697,24217,112.24331848956409,112.28822479822163,ZZ0000000008:XETR:EUR,DEMO
2024-01-05 11:10:00+00:00,2024-01-05 11:05:00+00:00,2024-01-05,2024-01-05 08:00:00+00:00,2024-01-05 16:30:00+00:00,112.26577164389286,112.34226328051624,112.37596595950039,112.2320919123997,26650,112.31979482786014,112.36473173317233,ZZ0000000008:XETR:EUR,DEMO
2024-01-05 11:15:00+00:00,2024-01-05 11:10:00+00:00,2024-01-05,2024-01-05 08:00:00+00:00,2024-01-05 16:30:00+00:00,112.34226328051624,112.52698970374671,112.56074780065782,112.30856060153208,21512,112.50448430580596,112.54949510168746,ZZ0000000008:XETR:EUR,DEMO
2024-01-05 11:20:00+00:00,2024-01-05 11:15:00+00:00,2024-01-05,2024-01-05 08:00:00+00:00,2024-01-05 16:30:00+00:00,112.52698970374671,112.38073328675733,112.56074780065782,112.34701906677131,13527,112.35825714009998,112.40320943341469,ZZ0000000008:XETR:EUR,DEMO
2024-01-05 11:25:00+00:00,2024-01-05 11:20:00+00:00,2024-01-05,2024-01-05 08:00:00+00:00,2024-01-05 16:30:00+00:00,112.38073328675733,112.36692448275988,112.41444750674336,112.33321440541506,13114,112.34445109786334,112.38939786765643,ZZ0000000008:XETR:EUR,DEMO
2024-01-05 11:30:00+00:00,2024-01-05 11:25:00+00:00,2024-01-05,2024-01-05 08:00:00+00:00,2024-01-05 16:30:00+00:00,112.36692448275988,112.45940960694645,112.49314742982853,112.33321440541506,18469,112.43691772502507,112.48190148886783,ZZ0000000008:XETR:EUR,DEMO
2024-01-05 11:35:00+00:00,2024-01-05 11:30:00+00:00,2024-01-05,2024-01-05 08:00:00+00:00,2024-01-05 16:30:00+00:00,112.45940960694645,112.35652535329048,112.49314742982853,112.3228183956845,20128,112.33405404821983,112.37899665836113,ZZ0000000008:XETR:EUR,DEMO
2024-01-05 11:40:00+00:00,2024-01-05 11:35:00+00:00,2024-01-05,2024-01-05 08:00:00+00:00,2024-01-05 16:30:00+00:00,112.35652535329048,112.52864784791363,112.562406442268,112.3228183956845,21043,112.50614211834406,112.5511535774832,ZZ0000000008:XETR:EUR,DEMO
2024-01-05 11:45:00+00:00,2024-01-05 11:40:00+00:00,2024-01-05,2024-01-05 08:00:00+00:00,2024-01-05 16:30:00+00:00,112.52864784791363,112.60121680145785,112.63499716649828,112.49488925355926,14873,112.57869655809756,112.62373704481814,ZZ0000000008:XETR:EUR,DEMO
2024-01-05 11:50:00+00:00,2024-01-05 11:45:00+00:00,2024-01-05,2024-01-05 08:00:00+00:00,2024-01-05 16:30:00+00:00,112.60121680145785,112.71694777001883,112.75076285434983,112.56743643641742,20015,112.69440438046483,112.73949115957284,ZZ0000000008:XETR:EUR,DEMO
2024-01-05 11:55:00+00:00,2024-01-05 11:50:00+00:00,2024-01-05,2024-01-05 08:00:00+00:00,2024-01-05 16:30:00+00:00,112.71694777001883,112.70491532251101,112.75076285434983,112.67110384791427,15901,112.68237433944651,112.72745630557552,ZZ0000000008:XETR:EUR,DEMO
2024-01-05 12:00:00+00:00,2024-01-05 11:55:00+00:00,2024-01-05,2024-01-05 08:00:00+00:00,2024-01-05 16:30:00+00:00,112.70491532251101,112.81779066239044,112.85163599958915,112.67110384791427,23723,112.79522710425796,112.84035422052291,ZZ0000000008:XETR:EUR,DEMO
2024-01-05 12:05:00+00:00,2024-01-05 12:00:00+00:00,2024-01-05,2024-01-05 08:00:00+00:00,2024-01-05 16:30:00+00:00,112.81779066239044,112.95379287912561,112.98767901698935,112.78394532519172,25929,112.9312021205498,112.97638363770143,ZZ0000000008:XETR:EUR,DEMO
2024-01-05 12:10:00+00:00,2024-01-05 12:05:00+00:00,2024-01-05,2024-01-05 08:00:00+00:00,2024-01-05 16:30:00+00:00,112.95379287912561,113.01438651796059,113.04829083391597,112.91990674126188,23053,112.991783640657,113.03698939526417,ZZ0000000008:XETR:EUR,DEMO
2024-01-05 12:15:00+00:00,2024-01-05 12:10:00+00:00,2024-01-05,2024-01-05 08:00:00+00:00,2024-01-05 16:30:00+00:00,113.01438651796059,113.07515042117724,113.10907296630359,112.9804822020052,10024,113.052535391093,113.09776545126148,ZZ0000000008:XETR:EUR,DEMO
2024-01-05 12:20:00+00:00,2024-01-05 12:15:00+00:00,2024-01-05,2024-01-05 08:00:00+00:00,2024-01-05 16:30:00+00:00,113.07515042117724,113.13920013893468,113.17314189897635,113.0412278760509,29840,113.1165722989069,113.16182797896246,ZZ0000000008:XETR:EUR,DEMO
2024-01-05 12:25:00+00:00,2024-01-05 12:20:00+00:00,2024-01-05,2024-01-05 08:00:00+00:00,2024-01-05 16:30:00+00:00,113.13920013893468,113.10066286956442,113.17314189897635,113.06673267070354,10475,113.07804273699051,113.12328300213832,ZZ0000000008:XETR:EUR,DEMO
2024-01-05 12:30:00+00:00,2024-01-05 12:25:00+00:00,2024-01-05,2024-01-05 08:00:00+00:00,2024-01-05 16:30:00+00:00,113.10066286956442,113.12690267174517,113.1608407425467,113.06673267070354,29988,113.10427729121082,113.14952805227952,ZZ0000000008:XETR:EUR,DEMO
2024-01-05 12:35:00+00:00,2024-01-05 12:30:00+00:00,2024-01-05,2024-01-05 08:00:00+00:00,2024-01-05 16:30:00+00:00,113.12690267174517,113.15269650648605,113.186642315438,113.09296460094365,10635,113.13006596718476,113.17532704578734,ZZ0000000008:XETR:EUR,DEMO
2024-01-05 12:40:00+00:00,2024-01-05 12:35:00+00:00,2024-01-05,2024-01-05 08:00:00+00:00,2024-01-05 16:30:00+00:00,113.15269650648605,113.22702999521424,113.2609981042128,113.11875069753411,20329,113.2043845892152,113.24967540121328,ZZ0000000008:XETR:EUR,DEMO
2024-01-05 12:45:00+00:00,2024-01-05 12:40:00+00:00,2024-01-05,2024-01-05 08:00:00+00:00,2024-01-05 16:30:00+00:00,113.22702999521424,113.35730004147358,113.39130723148601,113.19306188621567,12119,113.33462858146528,113.37997150148188,ZZ0000000008:XETR:EUR,DEMO
2024-01-05 12:50:00+00:00,2024-01-05 12:45:00+00:00,2024-01-05,2024-01-05 08:00:00+00:00,2024-01-05 16:30:00+00:00,113.35730004147358,113.30099485086862,113.39130723148601,113.26700455241337,11903,113.27833465189845,113.32365504983879,ZZ0000000008:XETR:EUR,DEMO
2024-01-05 12:55:00+00:00,2024-01-05 12:50:00+00:00,2024-01-05,2024-01-05 08:00:00+00:00,2024-01-05 16:30:00+00:00,113.30099485086862,113.3293228218125,113.36332161865904,113.26700455241337,23667,113.30665695724814,113.35198868637686,ZZ0000000008:XETR:EUR,DEMO
2024-01-05 13:00:00+00:00,2024-01-05 12:55:00+00:00,2024-01-05,2024-01-05 08:00:00+00:00,2024-01-05 16:30:00+00:00,113.3293228218125,113.5034355796679,113.53748661034179,113.29532402496595,24556,113.48073489255196,113.52613626678382,ZZ0000000008:XETR:EUR,DEMO
2024-01-05 13:05:00+00:00,2024-01-05 13:00:00+00:00,2024-01-05,2024-01-05 08:00:00+00:00,2024-01-05 16:30:00+00:00,113.5034355796679,113.47564532986551,113.53748661034179,113.44160263626655,12364,113.45295020079955,113.49834045893148,ZZ0000000008:XETR:EUR,DEMO
2024-01-05 13:10:00+00:00,2024-01-05 13:05:00+00:00,2024-01-05,2024-01-05 08:00:00+00:00,2024-01-05 16:30:00+00:00,113.47564532986551,113.44072289950134,113.50968802346448,113.40669068263149,29533,113.41803475492144,113.46341104408124,ZZ0000000008:XETR:EUR,DEMO
2024-01-05 13:15:00+00:00,2024-01-05 13:10:00+00:00,2024-01-05,2024-01-05 08:00:00+00:00,2024-01-05 16:30:00+00:00,113.44072289950134,113.49880182346894,113.53285146401598,113.40669068263149,16409,113.47610206310425,113.52150158383363,ZZ0000000008:XETR:EUR,DEMO
2024-01-05 13:20:00+00:00,2024-01-05 13:15:00+00:00,2024-01-05,2024-01-05 08:00:00+00:00,2024-01-05 16:30:00+00:00,113.49880182346894,113.61525547190227,113.64934004854383,113.4647521829219,16366,113.5925324208079,113.63797852299665,ZZ0000000008:XETR:EUR,DEMO
2024-01-05 13:25:00+00:00,2024-01-05 13:20:00+00:00,2024-01-05,2024-01-05 08:00:00+00:00,2024-01-05 16:30:00+00:00,113.61525547190227,113.65606667874167,113.69016349874529,113.58117089526071,15939,113.63333546540592,113.67879789207741,ZZ0000000008:XETR:EUR,DEMO
2024-01-05 13:30:00+00:00,2024-01-05 13:25:00+00:00,2024-01-05,2024-01-05 08:00:00+00:00,2024-01-05 16:30:00+00:00,113.65606667874167,113.8167953904888,113.85094042910595,113.62196985873804,19224,113.79403203141071,113.8395587495669,ZZ0000000008:XETR:EUR,DEMO
2024-01-05 13:35:00+00:00,2024-01-05 13:30:00+00:00,2024-01-05,2024-01-05 08:00:00+00:00,2024-01-05 16:30:00+00:00,113.8167953904888,113.9347063392379,113.96888675113968,113.78265035187167,13556,113.91191939797007,113.95749328050574,ZZ0000000008:XETR:EUR,DEMO
2024-01-05 13:40:00+00:00,2024-01-05 13:35:00+00:00,2024-01-05,2024-01-05 08:00:00+00:00,2024-01-05 16:30:00+00:00,113.9347063392379,114.05137319566245,114.08558860762115,113.90052592733613,18495,114.02856292102332,114.07418347030158,ZZ0000000008:XETR:EUR,DEMO
2024-01-05 13:45:00+00:00,2024-01-05 13:40:00+00:00,2024-01-05,2024-01-05 08:00:00+00:00,2024-01-05 16:30:00+00:00,114.05137319566245,114.14188527115039,114.17612783673172,114.01715778370375,14199,114.11905689409616,114.16471364820461,ZZ0000000008:XETR:EUR,DEMO
2024-01-05 13:50:00+00:00,2024-01-05 13:45:00+00:00,2024-01-05,2024-01-05 08:00:00+00:00,2024-01-05 16:30:00+00:00,114.14188527115039,114.39466058339588,114.42897898157089,114.10764270556905,11028,114.37178165127919,114.41753951551256,ZZ0000000008:XETR:EUR,DEMO
2024-01-05 13:55:00+00:00,2024-01-05 13:50:00+00:00,2024-01-05,2024-01-05 08:00:00+00:00,2024-01-05 16:30:00+00:00,114.39466058339588,114.41592516936,114.4502499469108,114.36034218522086,17374,114.39304198432612,114.43880835439387,ZZ0000000008:XETR:EUR,DEMO
2024-01-05 14:00:00+00:00,2024-01-05 13:55:00+00:00,2024-01-05,2024-01-05 08:00:00+00:00,2024-01-05 16:30:00+00:00,114.41592516936,114.2726726112705,114.4502499469108,114.23839080948711,23445,114.24981807674824,114.29552714579275,ZZ0000000008:XETR:EUR,DEMO
2024-01-05 14:05:00+00:00,2024-01-05 14:00:00+00:00,2024-01-05,2024-01-05 08:00:00+00:00,2024-01-05 16:30:00+00:00,114.2726726112705,114.45947851661103,114.49381636016601,114.23839080948711,25261,114.4365866209077,114.48237041231435,ZZ0000000008:XETR:EUR,DEMO
2024-01-05 14:10:00+00:00,2024-01-05 14:05:00+00:00,2024-01-05,2024-01-05 08:00:00+00:00,2024-01-05 16:30:00+00:00,114.45947851661103,114.45762891848847,114.49381636016601,114.42329162981292,17066,114.43473739270478,114.48052044427216,ZZ0000000008:XETR:EUR,DEMO
2024-01-05 14:15:00+00:00,2024-01-05 14:10:00+00:00,2024-01-05,2024-01-05 08:00:00+00:00,2024-01-05 16:30:00+00:00,114.45762891848847,114.50757817624988,114.54193044970275,114.42329162981292,16474,114.48467666061462,114.53047969188513,ZZ0000000008:XETR:EUR,DEMO
2024-01-05 14:20:00+00:00,2024-01-05 14:15:00+00:00,2024-01-05,2024-01-05 08:00:00+00:00,2024-01-05 16:30:00+00:00,114.50757817624988,114.66773050217168,114.70213082132233,114.47322590279701,25749,114.64479695607125,114.69066404827211,ZZ0000000008:XETR:EUR,DEMO
2024-01-05 14:25:00+00:00,2024-01-05 14:20:00+00:00,2024-01-05,2024-01-05 08:00:00+00:00,2024-01-05 16:30:00+00:00,114.66773050217168,114.56093200120515,114.70213082132233,114.52656372160479,23623,114.53801981480491,114.58384418760538,ZZ0000000008:XETR:EUR,DEMO
2024-01-05 14:30:00+00:00,2024-01-05 14:25:00+00:00,2024-01-05,2024-01-05 08:00:00+00:00,2024-01-05 16:30:00+00:00,114.56093200120515,114.48634072424682,114.5953002808055,114.45199482202955,26642,114.46344345610197,114.50923799239166,ZZ0000000008:XETR:EUR,DEMO
2024-01-05 14:35:00+00:00,2024-01-05 14:30:00+00:00,2024-01-05,2024-01-05 08:00:00+00:00,2024-01-05 16:30:00+00:00,114.48634072424682,114.37980098543245,114.52068662646408,114.34548704513682,28122,114.35692502523537,114.40267694562954,ZZ0000000008:XETR:EUR,DEMO
2024-01-05 14:40:00+00:00,2024-01-05 14:35:00+00:00,2024-01-05,2024-01-05 08:00:00+00:00,2024-01-05 16:30:00+00:00,114.37980098543245,114.34717205001694,114.41411492572809,114.31286789840193,26424,114.32430261560694,114.37004148442693,ZZ0000000008:XETR:EUR,DEMO
2024-01-05 14:45:00+00:00,2024-01-05 14:40:00+00:00,2024-01-05,2024-01-05 08:00:00+00:00,2024-01-05 16:30:00+00:00,114.34717205001694,114.42743868096315,114.46176691256744,114.31286789840193,28729,114.40455319322696,114.45032416869934,ZZ0000000008:XETR:EUR,DEMO
2024-01-05 14:50:00+00:00,2024-01-05 14:45:00+00:00,2024-01-05,2024-01-05 08:00:00+00:00,2024-01-05 16:30:00+00:00,114.42743868096315,114.51550733577196,114.54986198797269,114.39311044935886,18333,114.4926042343048,114.53841043723911,ZZ0000000008:XETR:EUR,DEMO
2024-01-05 14:55:00+00:00,2024-01-05 14:50:00+00:00,2024-01-05,2024-01-05 08:00:00+00:00,2024-01-05 16:30:00+00:00,114.51550733577196,114.58091657878136,114.61529085375498,114.48115268357122,17893,114.5580003954656,114.60383276209711,ZZ0000000008:XETR:EUR,DEMO
2024-01-05 15:00:00+00:00,2024-01-05 14:55:00+00:00,2024-01-05,2024-01-05 08:00:00+00:00,2024-01-05 16:30:00+00:00,114.58091657878136,114.49155395713346,114.61529085375498,114.45720649094632,16430,114.46865564634204,114.51445226792488,ZZ0000000008:XETR:EUR,DEMO
2024-01-05 15:05:00+00:00,2024-01-05 15:00:00+00:00,2024-01-05,2024-01-05 08:00:00+00:00,2024-01-05 16:30:00+00:00,114.49155395713346,114.32016454502329,114.5259014233206,114.28586849565978,14704,114.29730051211429,114.34302857793229,ZZ0000000008:XETR:EUR,DEMO
2024-01-05 15:10:00+00:00,2024-01-05 15:05:00+00:00,2024-01-05,2024-01-05 08:00:00+00:00,2024-01-05 16:30:00+00:00,114.32016454502329,114.36515642246042,114.39946596938715,114.28586849565978,24976,114.34228339117593,114.3880294537449,ZZ0000000008:XETR:EUR,DEMO
2024-01-05 15:15:00+00:00,2024-01-05 15:10:00+00:00,2024-01-05,2024-01-05 08:00:00+00:00,2024-01-05 16:30:00+00:00,114.36515642246042,114.36202047829683,114.39946596938715,114.32771187215334,24289,114.33914807420118,114.38489288239248,ZZ0000000008:XETR:EUR,DEMO
2024-01-05 15:20:00+00:00,2024-01-05 15:15:00+00:00,2024-01-05,2024-01-05 08:00:00+00:00,2024-01-05 16:30:00+00:00,114.36202047829683,114.44410565838066,114.47843889007818,114.32771187215334,26027,114.42121683724899,114.46699447951234,ZZ0000000008:XETR:EUR,DEMO
2024-01-05 15:25:00+00:00,2024-01-05 15:20:00+00:00,2024-01-05,2024-01-05 08:00:00+00:00,2024-01-05 16:30:00+00:00,114.44410565838066,114.54847622227413,114.58284076514082,114.40977242668315,13347,114.52556652702968,114.57138591751858,ZZ0000000008:XETR:EUR,DEMO
2024-01-05 15:30:00+00:00,2024-01-05 15:25:00+00:00,2024-01-05,2024-01-05 08:00:00+00:00,2024-01-05 16:30:00+00:00,114.54847622227413,114.60124861763525,114.63562899222053,114.51411167940745,19825,114.57832836791172,114.62416886735878,ZZ0000000008:XETR:EUR,DEMO
2024-01-05 15:35:00+00:00,2024-01-05 15:30:00+00:00,2024-01-05,2024-01-05 08:00:00+00:00,2024-01-05 16:30:00+00:00,114.60124861763525,114.71110143215377,114.74551476258341,114.56686824304997,14439,114.68815921186734,114.73404365244019,ZZ0000000008:XETR:EUR,DEMO
2024-01-05 15:40:00+00:00,2024-01-05 15:35:00+00:00,2024-01-05,2024-01-05 08:00:00+00:00,2024-01-05 16:30:00+00:00,114.71110143215377,114.77230110856074,114.80673279889331,114.67668810172412,27860,114.74934664833903,114.79525556878245,ZZ0000000008:XETR:EUR,DEMO
2024-01-05 15:45:00+00:00,2024-01-05 15:40:00+00:00,2024-01-05,2024-01-05 08:00:00+00:00,2024-01-05 16:30:00+00:00,114.77230110856074,114.86117520288468,114.89563355544554,114.73786941822817,15348,114.83820296784411,114.88414743792525,ZZ0000000008:XETR:EUR,DEMO
2024-01-05 15:50:00+00:00,2024-01-05 15:45:00+00:00,2024-01-05,2024-01-05 08:00:00+00:00,2024-01-05 16:30:00+00:00,114.86117520288468,114.83662755840302,114.89563355544554,114.8021765701355,12878,114.81366023289135,114.8595948839147,ZZ0000000008:XETR:EUR,DEMO
2024-01-05 15:55:00+00:00,2024-01-05 15:50:00+00:00,2024-01-05,2024-01-05 08:00:00+00:00,2024-01-05 16:30:00+00:00,114.83662755840302,114.86032204695135,114.89478014356544,114.8021765701355,21397,114.83734998254197,114.88329411136074,ZZ0000000008:XETR:EUR,DEMO
2024-01-05 16:00:00+00:00,2024-01-05 15:55:00+00:00,2024-01-05,2024-01-05 08:00:00+00:00,2024-01-05 16:30:00+00:00,114.86032204695135,114.91861936172079,114.9530949475293,114.82586395033726,27581,114.89563563784844,114.94160308559313,ZZ0000000008:XETR:EUR,DEMO
2024-01-05 16:05:00+00:00,2024-01-05 16:00:00+00:00,2024-01-05,2024-01-05 08:00:00+00:00,2024-01-05 16:30:00+00:00,114.91861936172079,115.03433429743744,115.06884459772667,114.88414377591228,28314,115.01132743057795,115.05734116429693,ZZ0000000008:XETR:EUR,DEMO
2024-01-05 16:10:00+00:00,2024-01-05 16:05:00+00:00,2024-01-05,2024-01-05 08:00:00+00:00,2024-01-05 16:30:00+00:00,115.03433429743744,115.03836138202345,115.07287289043806,114.99982399714821,11921,115.01535370974705,115.06136905429986,ZZ0000000008:XETR:EUR,DEMO
2024-01-05 16:15:00+00:00,2024-01-05 16:10:00+00:00,2024-01-05,2024-01-05 08:00:00+00:00,2024-01-05 16:30:00+00:00,115.03836138202345,115.12662203090294,115.1611600175122,115.00384987360884,16517,115.10359670649676,115.14964735530911,ZZ0000000008:XETR:EUR,DEMO
2024-01-05 16:20:00+00:00,2024-01-05 16:15:00+00:00,2024-01-05,2024-01-05 08:00:00+00:00,2024-01-05 16:30:00+00:00,115.12662203090294,115.14243333656964,115.1769760665706,115.09208404429367,13070,115.11940484990232,115.16546182323695,ZZ0000000008:XETR:EUR,DEMO
2024-01-05 16:25:00+00:00,2024-01-05 16:20:00+00:00,2024-01-05,2024-01-05 08:00:00+00:00,2024-01-05 16:30:00+00:00,115.14243333656964,115.17190968761962,115.2064612605259,115.10789060656867,16157,115.1488753056821,115.19494406955714,ZZ0000000008:XETR:EUR,DEMO
2024-01-05 16:30:00+00:00,2024-01-05 16:25:00+00:00,2024-01-05,2024-01-05 08:00:00+00:00,2024-01-05 16:30:00+00:00,115.17190968761962,115.28870887448144,115.32329548714378,115.13735811471334,20676,115.26565113270655,115.31176661625634,ZZ0000000008:XETR:EUR,DEMO
2024-01-08 08:05:00+00:00,2024-01-08 08:00:00+00:00,2024-01-08,2024-01-08 08:00:00+00:00,2024-01-08 16:30:00+00:00,115.28870887448144,115.1453272710774,115.32329548714378,115.11078367289609,15611,115.1222982056232,115.16835633653162,ZZ0000000008:XETR:EUR,DEMO
2024-01-08 08:10:00+00:00,2024-01-08 08:05:00+00:00,2024-01-08,2024-01-08 08:00:00+00:00,2024-01-08 16:30:00+00:00,115.1453272710774,115.06622913156886,115.17987086925872,115.0317092628294,11350,115.04321588574255,115.08924237739517,ZZ0000000008:XETR:EUR,DEMO
2024-01-08 08:15:00+00:00,2024-01-08 08:10:00+00:00,2024-01-08,2024-01-08 08:00:00+00:00,2024-01-08 16:30:00+00:00,115.06622913156886,114.9701028983828,115.10074900030833,114.93561186751329,20200,114.94710887780313,114.99309691896248,ZZ0000000008:XETR:EUR,DEMO
2024-01-08 08:20:00+00:00,2024-01-08 08:15:00+00:00,2024-01-08,2024-01-08 08:00:00+00:00,2024-01-08 16:30:00+00:00,114.9701028983828,114.79583777024006,115.00459392925232,114.76139901890899,11056,114.772878602686,114.8187969377941,ZZ0000000008:XETR:EUR,DEMO
2024-01-08 08:25:00+00:00,2024-01-08 08:20:00+00:00,2024-01-08,2024-01-08 08:00:00+00:00,2024-01-08 16:30:00+00:00,114.79583777024006,114.77372889503047,114.83027652157112,114.73929677636197,14533,114.75077414925147,114.79668364080948,ZZ0000000008:XETR:EUR,DEMO
2024-01-08 08:30:00+00:00,2024-01-08 08:25:00+00:00,2024-01-08,2024-01-08 08:00:00+00:00,2024-01-08 16:30:00+00:00,114.77372889503047,114.88276371738766,114.91722854650287,114.73929677636197,10010,114.85978716464419,114.90574027013113,ZZ0000000008:XETR:EUR,DEMO
2024-01-08 08:35:00+00:00,2024-01-08 08:30:00+00:00,2024-01-08,2024-01-08 08:00:00+00:00,2024-01-08 16:30:00+00:00,114.88276371738766,114.89679092587349,114.93125996315125,114.84829888827245,11736,114.87381156768832,114.91977028405866,ZZ0000000008:XETR:EUR,DEMO
2024-01-08 08:40:00+00:00,2024-01-08 08:35:00+00:00,2024-01-08,2024-01-08 08:00:00+00:00,2024-01-08 16:30:00+00:00,114.89679092587349,114.95520000067631,114.98968656067652,114.86232188859573,18726,114.93220896067618,114.97819104067645,ZZ0000000008:XETR:EUR,DEMO
2024-01-08 08:45:00+00:00,2024-01-08 08:40:00+00:00,2024-01-08,2024-01-08 08:00:00+00:00,2024-01-08 16:30:00+00:00,114.95520000067631,115.09568907020306,115.13021777692413,114.92071344067611,27014,115.07266993238903,115.1187082080171,ZZ0000000008:XETR:EUR,DEMO
2024-01-08 08:50:00+00:00,2024-01-08 08:45:00+00:00,2024-01-08,2024-01-08 08:00:00+00:00,2024-01-08 16:30:00+00:00,115.09568907020306,115.25833613549636,115.292913636337,115.061160363482,25492,115.23528446826927,115.28138780272346,ZZ0000000008:XETR:EUR,DEMO
2024-01-08 08:55:00+00:00,2024-01-08 08:50:00+00:00,2024-01-08,2024-01-08 08:00:00+00:00,2024-01-08 16:30:00+00:00,115.25833613549636,115.29230657961085,115.32689427158473,115.22375863465572,11976,115.26924811829493,115.31536504092678,ZZ0000000008:XETR:EUR,DEMO
2024-01-08 09:00:00+00:00,2024-01-08 08:55:00+00:00,2024-01-08,2024-01-08 08:00:00+00:00,2024-01-08 16:30:00+00:00,115.29230657961085,115.45762372900424,115.49226101612294,115.25771888763697,10696,115.43453220425845,115.48071525375003,ZZ0000000008:XETR:EUR,DEMO
2024-01-08 09:05:00+00:00,2024-01-08 09:00:00+00:00,2024-01-08,2024-01-08 08:00:00+00:00,2024-01-08 16:30:00+00:00,115.45762372900424,115.50655364246391,115.54120560855665,115.42298644188554,16761,115.48345233173542,115.5296549531924,ZZ0000000008:XETR:EUR,DEMO
2024-01-08 09:10:00+00:00,2024-01-08 09:05:00+00:00,2024-01-08,2024-01-08 08:00:00+00:00,2024-01-08 16:30:00+00:00,115.50655364246391,115.46960686024643,115.54120560855665,115.43496597818836,23045,115.44651293887438,115.49270078161848,ZZ0000000008:XETR:EUR,DEMO
2024-01-08 09:15:00+00:00,2024-01-08 09:10:00+00:00,2024-01-08,2024-01-08 08:00:00+00:00,2024-01-08 16:30:00+00:00,115.46960686024643,115.4551139922522,115.5042477423045,115.42047745805452,24934,115.43202296945374,115.47820501505065,ZZ0000000008:XETR:EUR,DEMO
2024-01-08 09:20:00+00:00,2024-01-08 09:15:00+00:00,2024-01-08,2024-01-08 08:00:00+00:00,2024-01-08 16:30:00+00:00,115.4551139922522,115.35881505559753,115.48975052644987,115.32420741108086,26462,115.33574329258641,115.38188681860865,ZZ0000000008:XETR:EUR,DEMO
2024-01-08 09:25:00+00:00,2024-01-08 09:20:00+00:00,2024-01-08,2024-01-08 08:00:00+00:00,2024-01-08 16:30:00+00:00,115.35881505559753,115.31723488110903,115.3934227001142,115.2826397106447,16844,115.2941714341328,115.34029832808525,ZZ0000000008:XETR:EUR,DEMO
2024-01-08 09:30:00+00:00,2024-01-08 09:25:00+00:00,2024-01-08,2024-01-08 08:00:00+00:00,2024-01-08 16:30:00+00:00,115.31723488110903,115.32456775084323,115.35916512116847,115.2826397106447,13360,115.30150283729306,115.3476326643934,ZZ0000000008:XETR:EUR,DEMO
2024-01-08 09:35:00+00:00,2024-01-08 09:30:00+00:00,2024-01-08,2024-01-08 08:00:00+00:00,2024-01-08 16:30:00+00:00,115.32456775084323,115.4391266871057,115.47375842511182,115.28997038051799,10526,115.41603886176829,115.46221451244311,ZZ0000000008:XETR:EUR,DEMO
2024-01-08 09:40:00+00:00,2024-01-08 09:35:00+00:00,2024-01-08,2024-01-08 08:00:00+00:00,2024-01-08 16:30:00+00:00,115.4391266871057,115.63861788745307,115.6733094728193,115.40449494909957,12937,115.61549016387558,115.66174561103055,ZZ0000000008:XETR:EUR,DEMO
2024-01-08 09:45:00+00:00,2024-01-08 09:40:00+00:00,2024-01-08,2024-01-08 08:00:00+00:00,2024-01-08 16:30:00+00:00,115.63861788745307,115.55125757085594,115.6733094728193,115.51659219358469,11303,115.52814731934177,115.5743678223701,ZZ0000000008:XETR:EUR,DEMO
2024-01-08 09:50:00+00:00,2024-01-08 09:45:00+00:00,2024-01-08,2024-01-08 08:00:00+00:00,2024-01-08 16:30:00+00:00,115.55125757085594,115.6280393761719,115.66272778798475,115.51659219358469,27216,115.60491376829667,115.65116498404713,ZZ0000000008:XETR:EUR,DEMO
2024-01-08 09:55:00+00:00,2024-01-08 09:50:00+00:00,2024-01-08,2024-01-08 08:00:00+00:00,2024-01-08 16:30:00+00:00,115.6280393761719,115.57226979918175,115.66272778798475,115.537598118242,15368,115.54915534522192,115.59538425314159,ZZ0000000008:XETR:EUR,DEMO
2024-01-08 10:00:00+00:00,2024-01-08 09:55:00+00:00,2024-01-08,2024-01-08 08:00:00+00:00,2024-01-08 16:30:00+00:00,115.57226979918175,115.65664033087315,115.6913373229724,115.537598118242,26462,115.63350900280697,115.67977165893932,ZZ0000000008:XETR:EUR,DEMO
2024-01-08 10:05:00+00:00,2024-01-08 10:00:00+00:00,2024-01-08,2024-01-08 08:00:00+00:00,2024-01-08 16:30:00+00:00,115.65664033087315,115.6849947968331,115.71970029527215,115.62194333877389,21063,115.66185779787374,115.70813179579245,ZZ0000000008:XETR:EUR,DEMO
2024-01-08 10:10:00+00:00,2024-01-08 10:05:00+00:00,2024-01-08,2024-01-08 08:00:00+00:00,2024-01-08 16:30:00+00:00,115.6849947968331,115.55610972929043,115.71970029527215,115.52144289637164,20778,115.53299850734457,115.57922095123628,ZZ0000000008:XETR:EUR,DEMO
2024-01-08 10:15:00+00:00,2024-01-08 10:10:00+00:00,2024-01-08,2024-01-08 08:00:00+00:00,2024-01-08 16:30:00+00:00,115.55610972929043,115.68243968277076,115.71714441467559,115.52144289637164,19095,115.65930319483421,115.70557617070732,ZZ0000000008:XETR:EUR,DEMO
2024-01-08 10:20:00+00:00,2024-01-08 10:15:00+00:00,2024-01-08,2024-01-08 08:00:00+00:00,2024-01-08 16:30:00+00:00,115.68243968277076,115.66693920844511,115.71714441467559,115.63223912668259,26383,115.64380582060343,115.6900725962868,ZZ0000000008:XETR:EUR,DEMO
2024-01-08 10:25:00+00:00,2024-01-08 10:20:00+00:00,2024-01-08,2024-01-08 08:00:00+00:00,2024-01-08 16:30:00+00:00,115.66693920844511,115.65801929599289,115.70163929020764,115.6233218902041,10868,115.63488769213369,115.68115089985208,ZZ0000000008:XETR:EUR,DEMO
2024-01-08 10:30:00+00:00,2024-01-08 10:25:00+00:00,2024-01-08,2024-01-08 08:00:00+00:00,2024-01-08 16:30:00+00:00,115.65801929599289,115.59953403894978,115.69271670178168,115.5648541787381,11855,115.57641413214199,115.62265394575758,ZZ0000000008:XETR:EUR,DEMO
2024-01-08 10:35:00+00:00,2024-01-08 10:30:00+00:00,2024-01-08,2024-01-08 08:00:00+00:00,2024-01-08 16:30:00+00:00,115.59953403894978,115.57948774066291,115.63421389916147,115.54481389434072,18467,115.55637184311479,115.60260363821104,ZZ0000000008:XETR:EUR,DEMO
2024-01-08 10:40:00+00:00,2024-01-08 10:35:00+00:00,2024-01-08,2024-01-08 08:00:00+00:00,2024-01-08 16:30:00+00:00,115.57948774066291,115.65953255253676,115.69423041230252,115.54481389434072,17889,115.63640064602626,115.68266445904726,ZZ0000000008:XETR:EUR,DEMO
2024-01-08 10:45:00+00:00,2024-01-08 10:40:00+00:00,2024-01-08,2024-01-08 08:00:00+00:00,2024-01-08 16:30:00+00:00,115.65953255253676,115.68250534049575,115.7172100920979,115.624834692771,20911,115.65936883942766,115.70564184156385,ZZ0000000008:XETR:EUR,DEMO
2024-01-08 10:50:00+00:00,2024-01-08 10:45:00+00:00,2024-01-08,2024-01-08 08:00:00+00:00,2024-01-08 16:30:00+00:00,115.68250534049575,115.75343230683046,115.78815833652251,115.6478005888936,24755,115.7302816203691,115.77658299329183,ZZ0000000008:XETR:EUR,DEMO
2024-01-08 10:55:00+00:00,2024-01-08 10:50:00+00:00,2024-01-08,2024-01-08 08:00:00+00:00,2024-01-08 16:30:00+00:00,115.75343230683046,115.82748464269139,115.8622328880842,115.71870627713841,21750,115.80431914576285,115.85065013961993,ZZ0000000008:XETR:EUR,DEMO
2024-01-08 11:00:00+00:00,2024-01-08 10:55:00+00:00,2024-01-08,2024-01-08 08:00:00+00:00,2024-01-08 16:30:00+00:00,115.82748464269139,115.99051402233995,116.02531117654665,115.79273639729858,15149,115.96731591953548,116.01371212514442,ZZ0000000008:XETR:EUR,DEMO
2024-01-08 11:05:00+00:00,2024-01-08 11:00:00+00:00,2024-01-08,2024-01-08 08:00:00+00:00,2024-01-08 16:30:00+00:00,115.99051402233995,115.99930308175104,116.03410287267556,115.95571686813325,16545,115.9761032211347,116.02250294236738,ZZ0000000008:XETR:EUR,DEMO
2024-01-08 11:10:00+00:00,2024-01-08 11:05:00+00:00,2024-01-08,2024-01-08 08:00:00+00:00,2024-01-08 16:30:00+00:00,115.99930308175104,115.9028913438977,116.03410287267556,115.86812047649454,25046,115.87971076562893,115.92607192216649,ZZ0000000008:XETR:EUR,DEMO
2024-01-08 11:15:00+00:00,2024-01-08 11:10:00+00:00,2024-01-08,2024-01-08 08:00:00+00:00,2024-01-08 16:30:00+00:00,115.9028913438977,116.04249669696165,116.07730944597074,115.86812047649454,14029,116.01928819762226,116.06570519630104,ZZ0000000008:XETR:EUR,DEMO
2024-01-08 11:20:00+00:00,2024-01-08 11:15:00+00:00,2024-01-08,2024-01-08 08:00:00+00:00,2024-01-08 16:30:00+00:00,116.04249669696165,116.05233861605109,116.08715431763589,116.00768394795256,20083,116.02912814832789,116.07554908377429,ZZ0000000008:XETR:EUR,DEMO
2024-01-08 11:25:00+00:00,2024-01-08 11:20:00+00:00,2024-01-08,2024-01-08 08:00:00+00:00,2024-01-08 16:30:00+00:00,116.05233861605109,116.19652728153432,116.23138623971877,116.01752291446628,20775,116.17328797607802,116.21976658699062,ZZ0000000008:XETR:EUR,DEMO
2024-01-08 11:30:00+00:00,2024-01-08 11:25:00+00:00,2024-01-08,2024-01-08 08:00:00+00:00,2024-01-08 16:30:00+00:00,116.19652728153432,116.27285879821048,116.30774065584994,116.16166832334986,25005,116.24960422645084,116.29611336997012,ZZ0000000008:XETR:EUR,DEMO
2024-01-08 11:35:00+00:00,2024-01-08 11:30:00+00:00,2024-01-08,2024-01-08 08:00:00+00:00,2024-01-08 16:30:00+00:00,116.27285879821048,116.30135960285197,116.33625001073283,116.23797694057102,24287,116.27809933093141,116.32461987477254,ZZ0000000008:XETR:EUR,DEMO
2024-01-08 11:40:00+00:00,2024-01-08 11:35:00+00:00,2024-01-08,2024-01-08 08:00:00+00:00,2024-01-08 16:30:00+00:00,116.30135960285197,116.37453858038592,116.40945094196003,116.26646919497112,19293,116.35126367266984,116.39781348810199,ZZ0000000008:XETR:EUR,DEMO
2024-01-08 11:45:00+00:00,2024-01-08 11:40:00+00:00,2024-01-08,2024-01-08 08:00:00+00:00,2024-01-08 16:30:00+00:00,116.37453858038592,116.59712080650127,116.63209994274321,116.3396262188118,16183,116.57380138233997,116.62044023066257,ZZ0000000008:XETR:EUR,DEMO
2024-01-08 11:50:00+00:00,2024-01-08 11:45:00+00:00,2024-01-08,2024-01-08 08:00:00+00:00,2024-01-08 16:30:00+00:00,116.59712080650127,116.83190182025614,116.86695139080221,116.56214167025932,17358,116.80853543989208,116.85526820062019,ZZ0000000008:XETR:EUR,DEMO
2024-01-08 11:55:00+00:00,2024-01-08 11:50:00+00:00,2024-01-08,2024-01-08 08:00:00+00:00,2024-01-08 16:30:00+00:00,116.83190182025614,116.87928733674806,116.91435112294909,116.79685224971006,18231,116.85591147928072,116.9026631942154,ZZ0000000008:XETR:EUR,DEMO
2024-01-08 12:00:00+00:00,2024-01-08 11:55:00+00:00,2024-01-08,2024-01-08 08:00:00+00:00,2024-01-08 16:30:00+00:00,116.87928733674806,116.93518682039708,116.97026737644319,116.84422355054704,14383,116.911799783033,116.95857385776115,ZZ0000000008:XETR:EUR,DEMO
2024-01-08 12:05:00+00:00,2024-01-08 12:00:00+00:00,2024-01-08,2024-01-08 08:00:00+00:00,2024-01-08 16:30:00+00:00,116.93518682039708,117.07688018834608,117.11200325240259,116.90010626435097,22508,117.05346481230842,117.10029556438374,ZZ0000000008:XETR:EUR,DEMO
2024-01-08 12:10:00+00:00,2024-01-08 12:05:00+00:00,2024-01-08,2024-01-08 08:00:00+00:00,2024-01-08 16:30:00+00:00,117.07688018834608,117.0386574528335,117.11200325240259,117.00354585559766,14167,117.01524972134294,117.06206518432407,ZZ0000000008:XETR:EUR,DEMO
2024-01-08 12:15:00+00:00,2024-01-08 12:10:00+00:00,2024-01-08,2024-01-08 08:00:00+00:00,2024-01-08 16:30:00+00:00,117.0386574528335,117.11082891333098,117.14596216200498,117.00354585559766,22973,117.08740674754831,117.13425107911364,ZZ0000000008:XETR:EUR,DEMO
2024-01-08 12:20:00+00:00,2024-01-08 12:15:00+00:00,2024-01-08,2024-01-08 08:00:00+00:00,2024-01-08 16:30:00+00:00,117.11082891333098,117.14940099853384,117.18454581883339,117.07569566465698,25029,117.12597111833414,117.17283087873354,ZZ0000000008:XETR:EUR,DEMO
2024-01-08 12:25:00+00:00,2024-01-08 12:20:00+00:00,2024-01-08,2024-01-08 08:00:00+00:00,2024-01-08 16:30:00+00:00,117.14940099853384,117.21984378643042,117.25500973956635,117.11425617823429,29236,117.19639981767314,117.2432877551877,ZZ0000000008:XETR:EUR,DEMO
2024-01-08 12:30:00+00:00,2024-01-08 12:25:00+00:00,2024-01-08,2024-01-08 08:00:00+00:00,2024-01-08 16:30:00+00:00,117.21984378643042,117.18272672046143,117.25500973956635,117.14757190244529,12378,117.15929017511735,117.20616326580551,ZZ0000000008:XETR:EUR,DEMO
2024-01-08 12:35:00+00:00,2024-01-08 12:30:00+00:00,2024-01-08,2024-01-08 08:00:00+00:00,2024-01-08 16:30:00+00:00,117.18272672046143,117.07477454719336,117.21788153847757,117.03965211482921,25194,117.05135959228392,117.0981895021028,ZZ0000000008:XETR:EUR,DEMO
2024-01-08 12:40:00+00:00,2024-01-08 12:35:00+00:00,2024-01-08,2024-01-08 08:00:00+00:00,2024-01-08 16:30:00+00:00,117.07477454719336,116.92169562860985,117.1098969795575,116.88661911992128,11719,116.89831128948414,116.94507996773557,ZZ0000000008:XETR:EUR,DEMO
2024-01-08 12:45:00+00:00,2024-01-08 12:40:00+00:00,2024-01-08,2024-01-08 08:00:00+00:00,2024-01-08 16:30:00+00:00,116.92169562860985,116.85811835759046,116.95677213729843,116.82306092208319,16744,116.83474673391893,116.88148998126198,ZZ0000000008:XETR:EUR,DEMO
2024-01-08 12:50:00+00:00,2024-01-08 12:45:00+00:00,2024-01-08,2024-01-08 08:00:00+00:00,2024-01-08 16:30:00+00:00,116.85811835759046,116.85613877119488,116.89317579309773,116.82108192956352,13525,116.83276754344064,116.87950999894912,ZZ0000000008:XETR:EUR,DEMO
2024-01-08 12:55:00+00:00,2024-01-08 12:50:00+00:00,2024-01-08,2024-01-08 08:00:00+00:00,2024-01-08 16:30:00+00:00,116.85613877119488,116.86963020913224,116.90469109819497,116.82108192956352,13245,116.84625628309041,116.89300413517407,ZZ0000000008:XETR:EUR,DEMO
2024-01-08 13:00:00+00:00,2024-01-08 12:55:00+00:00,2024-01-08,2024-01-08 08:00:00+00:00,2024-01-08 16:30:00+00:00,116.86963020913224,117.0918684069196,117.12699596744167,116.8345693200695,13506,117.06845003323822,117.11528678060098,ZZ0000000008:XETR:EUR,DEMO
2024-01-08 13:05:00+00:00,2024-01-08 13:00:00+00:00,2024-01-08,2024-01-08 08:00:00+00:00,2024-01-08 16:30:00+00:00,117.0918684069196,117.23654212775388,117.2717130903922,117.05674084639753,10878,117.21309481932833,117.25998943617942,ZZ0000000008:XETR:EUR,DEMO
2024-01-08 13:10:00+00:00,2024-01-08 13:05:00+00:00,2024-01-08,2024-01-08 08:00:00+00:00,2024-01-08 16:30:00+00:00,117.23654212775388,117.18735145166386,117.2717130903922,117.15219524622836,26462,117.16391398137353,117.21078892195419,ZZ0000000008:XETR:EUR,DEMO
2024-01-08 13:15:00+00:00,2024-01-08 13:10:00+00:00,2024-01-08,2024-01-08 08:00:00+00:00,2024-01-08 16:30:00+00:00,117.18735145166386,117.26098777629244,117.29616607262533,117.15219524622836,11222,117.23753557873718,117.2844399738477,ZZ0000000008:XETR:EUR,DEMO
2024-01-08 13:20:00+00:00,2024-01-08 13:15:00+00:00,2024-01-08,2024-01-08 08:00:00+00:00,2024-01-08 16:30:00+00:00,117.26098777629244,117.2638416398645,117.29902079235644,117.22580947995955,17970,117.24038887153652,117.28729440819247,ZZ0000000008:XETR:EUR,DEMO
2024-01-08 13:25:00+00:00,2024-01-08 13:20:00+00:00,2024-01-08,2024-01-08 08:00:00+00:00,2024-01-08 16:30:00+00:00,117.2638416398645,117.27820838759028,117.31339185010656,117.22866248737255,23983,117.25475274591277,117.3016640292678,ZZ0000000008:XETR:EUR,DEMO
2024-01-08 13:30:00+00:00,2024-01-08 13:25:00+00:00,2024-01-08,2024-01-08 08:00:00+00:00,2024-01-08 16:30:00+00:00,117.27820838759028,117.3366580490014,117.37185904641609,117.24302492507401,29807,117.3131907173916,117.3601253806112,ZZ0000000008:XETR:EUR,DEMO
2024-01-08 13:35:00+00:00,2024-01-08 13:30:00+00:00,2024-01-08,2024-01-08 08:00:00+00:00,2024-01-08 16:30:00+00:00,117.3366580490014,117.43588899089856,117.47111975759583,117.30145705158671,27074,117.41240181310039,117.45937616869674,ZZ0000000008:XETR:EUR,DEMO
2024-01-08 13:40:00+00:00,2024-01-08 13:35:00+00:00,2024-01-08,2024-01-08 08:00:00+00:00,2024-01-08 16:30:00+00:00,117.43588899089856,117.44511901742725,117.48035255313248,117.4006582242013,12744,117.42162999362377,117.46860804123072,ZZ0000000008:XETR:EUR,DEMO
2024-01-08 13:45:00+00:00,2024-01-08 13:40:00+00:00,2024-01-08,2024-01-08 08:00:00+00:00,2024-01-08 16:30:00+00:00,117.44511901742725,117.58626489184833,117.62154077131588,117.40988548172201,29754,117.56274763886996,117.6097821448267,ZZ0000000008:XETR:EUR,DEMO
2024-01-08 13:50:00+00:00,2024-01-08 13:45:00+00:00,2024-01-08,2024-01-08 08:00:00+00:00,2024-01-08 16:30:00+00:00,117.58626489184833,117.52001775252126,117.62154077131588,117.4847617471955,23070,117.49651374897076,117.54352175607175,ZZ0000000008:XETR:EUR,DEMO
2024-01-08 13:55:00+00:00,2024-01-08 13:50:00+00:00,2024-01-08,2024-01-08 08:00:00+00:00,2024-01-08 16:30:00+00:00,117.52001775252126,117.56175314119155,117.5970216671339,117.4847617471955,13591,117.53824079056331,117.58526549181978,ZZ0000000008:XETR:EUR,DEMO
2024-01-08 14:00:00+00:00,2024-01-08 13:55:00+00:00,2024-01-08,2024-01-08 08:00:00+00:00,2024-01-08 16:30:00+00:00,117.56175314119155,117.8475562611279,117.88291052800624,117.52648461524919,18974,117.82398674987569,117.87112577238013,ZZ0000000008:XETR:EUR,DEMO
2024-01-08 14:05:00+00:00,2024-01-08 14:00:00+00:00,2024-01-08,2024-01-08 08:00:00+00:00,2024-01-08 16:30:00+00:00,117.8475562611279,117.90985088661239,117.94522384187837,117.81220199424958,28357,117.88626891643507,117.93343285678971,ZZ0000000008:XETR:EUR,DEMO
2024-01-08 14:10:00+00:00,2024-01-08 14:05:00+00:00,2024-01-08,2024-01-08 08:00:00+00:00,2024-01-08 16:30:00+00:00,117.90985088661239,118.08644353024083,118.1218694632999,117.8744779313464,17858,118.06282624153478,118.11006081894688,ZZ0000000008:XETR:EUR,DEMO
2024-01-08 14:15:00+00:00,2024-01-08 14:10:00+00:00,2024-01-08,2024-01-08 08:00:00+00:00,2024-01-08 16:30:00+00:00,118.08644353024083,118.13643019619366,118.17187112525251,118.05101759718175,13672,118.11280291015443,118.16005748223289,ZZ0000000008:XETR:EUR,DEMO
2024-01-08 14:20:00+00:00,2024-01-08 14:15:00+00:00,2024-01-08,2024-01-08 08:00:00+00:00,2024-01-08 16:30:00+00:00,118.13643019619366,118.23270590180215,118.26817571357269,118.1009892671348,27501,118.2090593606218,118.2563524429825,ZZ0000000008:XETR:EUR,DEMO
2024-01-08 14:25:00+00:00,2024-01-08 14:20:00+00:00,2024-01-08,2024-01-08 08:00:00+00:00,2024-01-08 16:30:00+00:00,118.23270590180215,118.26872192877383,118.30420254535245,118.19723609003161,29059,118.24506818438807,118.29237567315958,ZZ0000000008:XETR:EUR,DEMO
2024-01-08 14:30:00+00:00,2024-01-08 14:25:00+00:00,2024-01-08,2024-01-08 08:00:00+00:00,2024-01-08 16:30:00+00:00,118.26872192877383,118.29399557204712,118.32948377071874,118.2332413121952,29511,118.27033677293272,118.31765437116152,ZZ0000000008:XETR:EUR,DEMO
2024-01-08 14:35:00+00:00,2024-01-08 14:30:00+00:00,2024-01-08,2024-01-08 08:00:00+00:00,2024-01-08 16:30:00+00:00,118.29399557204712,118.26163642745293,118.32948377071874,118.2261579365247,29114,118.23798410016744,118.28528875473842,ZZ0000000008:XETR:EUR,DEMO
2024-01-08 14:40:00+00:00,2024-01-08 14:35:00+00:00,2024-01-08,2024-01-08 08:00:00+00:00,2024-01-08 16:30:00+00:00,118.26163642745293,118.34376702041371,118.37927015051983,118.2261579365247,27457,118.32009826700963,118.36743577381779,ZZ0000000008:XETR:EUR,DEMO
2024-01-08 14:45:00+00:00,2024-01-08 14:40:00+00:00,2024-01-08,2024-01-08 08:00:00+00:00,2024-01-08 16:30:00+00:00,118.34376702041371,118.30457453510678,118.37927015051983,118.26908316274626,19089,118.28091362019977,118.32823545001379,ZZ0000000008:XETR:EUR,DEMO
2024-01-08 14:50:00+00:00,2024-01-08 14:45:00+00:00,2024-01-08,2024-01-08 08:00:00+00:00,2024-01-08 16:30:00+00:00,118.30457453510678,118.40902063715635,118.44454334334749,118.26908316274626,13846,118.38533883302891,118.43270244128378,ZZ0000000008:XETR:EUR,DEMO
2024-01-08 14:55:00+00:00,2024-01-08 14:50:00+00:00,2024-01-08,2024-01-08 08:00:00+00:00,2024-01-08 16:30:00+00:00,118.40902063715635,118.55335791154427,118.58892391891773,118.3734979309652,22343,118.52964723996196,118.57706858312658,ZZ0000000008:XETR:EUR,DEMO
2024-01-08 15:00:00+00:00,2024-01-08 14:55:00+00:00,2024-01-08,2024-01-08 08:00:00+00:00,2024-01-08 16:30:00+00:00,118.55335791154427,118.62963894040688,118.665227832089,118.5177919041708,14415,118.6059130126188,118.65336486819496,ZZ0000000008:XETR:EUR,DEMO
2024-01-08 15:05:00+00:00,2024-01-08 15:00:00+00:00,2024-01-08,2024-01-08 08:00:00+00:00,2024-01-08 16:30:00+00:00,118.62963894040688,118.64399411538677,118.67958731362138,118.59405004872475,19463,118.6202653165637,118.66772291420985,ZZ0000000008:XETR:EUR,DEMO
2024-01-08 15:10:00+00:00,2024-01-08 15:05:00+00:00,2024-01-08,2024-01-08 08:00:00+00:00,2024-01-08 16:30:00+00:00,118.64399411538677,118.72863792417246,118.7642565155497,118.60840091715217,23121,118.70489219658762,118.7523836517573,ZZ0000000008:XETR:EUR,DEMO
2024-01-08 15:15:00+00:00,2024-01-08 15:10:00+00:00,2024-01-08,2024-01-08 08:00:00+00:00,2024-01-08 16:30:00+00:00,118.72863792417246,118.74087491285749,118.77649717533134,118.69301933279522,28931,118.71712673787492,118.76462308784006,ZZ0000000008:XETR:EUR,DEMO
2024-01-08 15:20:00+00:00,2024-01-08 15:15:00+00:00,2024-01-08,2024-01-08 08:00:00+00:00,2024-01-08 16:30:00+00:00,118.74087491285749,118.87137602698729,118.90703743979539,118.70525265038364,15781,118.8476017517819,118.89515030219269,ZZ0000000008:XETR:EUR,DEMO
2024-01-08 15:25:00+00:00,2024-01-08 15:20:00+00:00,2024-01-08,2024-01-08 08:00:00+00:00,2024-01-08 16:30:00+00:00,118.87137602698729,118.7388934805804,118.90703743979539,118.70327181253623,15038,118.71514570188428,118.76264125927652,ZZ0000000008:XETR:EUR,DEMO
2024-01-08 15:30:00+00:00,2024-01-08 15:25:00+00:00,2024-01-08,2024-01-08 08:00:00+00:00,2024-01-08 16:30:00+00:00,118.7388934805804,118.74857276976508,118.784197341596,118.70327181253623,24694,118.72482305521113,118.77232248431902,ZZ0000000008:XETR:EUR,DEMO
2024-01-08 15:35:00+00:00,2024-01-08 15:30:00+00:00,2024-01-08,2024-01-08 08:00:00+00:00,2024-01-08 16:30:00+00:00,118.74857276976508,118.60110155027786,118.784197341596,118.56552121981278,10129,118.5773813299678,118.62482177058791,ZZ0000000008:XETR:EUR,DEMO
2024-01-08 15:40:00+00:00,2024-01-08 15:35:00+00:00,2024-01-08,2024-01-08 08:00:00+00:00,2024-01-08 16:30:00+00:00,118.60110155027786,118.5008016820084,118.63668188074294,118.4652514415038,21328,118.477101521672,118.5245018423448,ZZ0000000008:XETR:EUR,DEMO
2024-01-08 15:45:00+00:00,2024-01-08 15:40:00+00:00,2024-01-08,2024-01-08 08:00:00+00:00,2024-01-08 16:30:00+00:00,118.5008016820084,118.67169508348292,118.70729659200796,118.4652514415038,24918,118.64796074446622,118.69542942249961,ZZ0000000008:XETR:EUR,DEMO
2024-01-08 15:50:00+00:00,2024-01-08 15:45:00+00:00,2024-01-08,2024-01-08 08:00:00+00:00,2024-01-08 16:30:00+00:00,118.67169508348292,118.79828414148497,118.83392362672741,118.63609357495787,21018,118.77452448465668,118.82204379831326,ZZ0000000008:XETR:EUR,DEMO
2024-01-08 15:55:00+00:00,2024-01-08 15:50:00+00:00,2024-01-08,2024-01-08 08:00:00+00:00,2024-01-08 16:30:00+00:00,118.79828414148497,118.77148814967377,118.83392362672741,118.73585670322888,17679,118.74773385204384,118.7952424473037,ZZ0000000008:XETR:EUR,DEMO
2024-01-08 16:00:00+00:00,2024-01-08 15:55:00+00:00,2024-01-08,2024-01-08 08:00:00+00:00,2024-01-08 16:30:00+00:00,118.77148814967377,118.67033760977561,118.80711959611867,118.63473650849268,26570,118.64660354225366,118.69407167729757,ZZ0000000008:XETR:EUR,DEMO
2024-01-08 16:05:00+00:00,2024-01-08 16:00:00+00:00,2024-01-08,2024-01-08 08:00:00+00:00,2024-01-08 16:30:00+00:00,118.67033760977561,118.4306732546262,118.70593871105855,118.39514405264981,17420,118.40698711997528,118.45435938927712,ZZ0000000008:XETR:EUR,DEMO
2024-01-08 16:10:00+00:00,2024-01-08 16:05:00+00:00,2024-01-08,2024-01-08 08:00:00+00:00,2024-01-08 16:30:00+00:00,118.4306732546262,118.42063118490478,118.46620245660259,118.38510499554931,24210,118.3969470586678,118.44431531114175,ZZ0000000008:XETR:EUR,DEMO
2024-01-08 16:15:00+00:00,2024-01-08 16:10:00+00:00,2024-01-08,2024-01-08 08:00:00+00:00,2024-01-08 16:30:00+00:00,118.42063118490478,118.6916898115349,118.72729731847835,118.38510499554931,19282,118.6679514735726,118.7154281494972,ZZ0000000008:XETR:EUR,DEMO
2024-01-08 16:20:00+00:00,2024-01-08 16:15:00+00:00,2024-01-08,2024-01-08 08:00:00+00:00,2024-01-08 16:30:00+00:00,118.6916898115349,118.77455453479998,118.8101869011604,118.65608230459145,10531,118.75079962389302,118.79830944570693,ZZ0000000008:XETR:EUR,DEMO
2024-01-08 16:25:00+00:00,2024-01-08 16:20:00+00:00,2024-01-08,2024-01-08 08:00:00+00:00,2024-01-08 16:30:00+00:00,118.77455453479998,118.76295583604379,118.8101869011604,118.72732694929297,20610,118.73920324487658,118.786708427211,ZZ0000000008:XETR:EUR,DEMO
2024-01-08 16:30:00+00:00,2024-01-08 16:25:00+00:00,2024-01-08,2024-01-08 08:00:00+00:00,2024-01-08 16:30:00+00:00,118.76295583604379,118.84874127846112,118.88439590084465,118.72732694929297,10989,118.82497153020543,118.87251102671681,ZZ0000000008:XETR:EUR,DEMO
2024-01-09 08:05:00+00:00,2024-01-09 08:00:00+00:00,2024-01-09,2024-01-09 08:00:00+00:00,2024-01-09 16:30:00+00:00,118.84874127846112,118.74197197708799,118.88439590084465,118.70634938549486,28619,118.71822358269257,118.7657203714834,ZZ0000000008:XETR:EUR,DEMO
2024-01-09 08:10:00+00:00,2024-01-09 08:05:00+00:00,2024-01-09,2024-01-09 08:00:00+00:00,2024-01-09 16:30:00+00:00,118.74197197708799,118.75528860401671,118.79091519059791,118.70634938549486,22031,118.73153754629591,118.77903966173751,ZZ0000000008:XETR:EUR,DEMO
2024-01-09 08:15:00+00:00,2024-01-09 08:10:00+00:00,2024-01-09,2024-01-09 08:00:00+00:00,2024-01-09 16:30:00+00:00,118.75528860401671,118.80631469500204,118.84195658941054,118.71966201743551,17440,118.78255343206304,118.83007595794105,ZZ0000000008:XETR:EUR,DEMO
2024-01-09 08:20:00+00:00,2024-01-09 08:15:00+00:00,2024-01-09,2024-01-09 08:00:00+00:00,2024-01-09 16:30:00+00:00,118.80631469500204,118.83971815919898,118.87537007464674,118.77067280059354,19723,118.81595021556714,118.86348610283082,ZZ0000000008:XETR:EUR,DEMO
2024-01-09 08:25:00+00:00,2024-01-09 08:20:00+00:00,2024-01-09,2024-01-09 08:00:00+00:00,2024-01-09 16:30:00+00:00,118.83971815919898,118.95655279592947,118.99223976176825,118.80406624375122,22383,118.93276148537028,118.98034410648866,ZZ0000000008:XETR:EUR,DEMO
2024-01-09 08:30:00+00:00,2024-01-09 08:25:00+00:00,2024-01-09,2024-01-09 08:00:00+00:00,2024-01-09 16:30:00+00:00,118.95655279592947,119.03100912768505,119.06671843042335,118.92086583009069,15203,119.00720292585952,119.05481532951059,ZZ0000000008:XETR:EUR,DEMO
2024-01-09 08:35:00+00:00,2024-01-09 08:30:00+00:00,2024-01-09,2024-01-09 08:00:00+00:00,2024-01-09 16:30:00+00:00,119.03100912768505,119.13635778921474,119.1720986965515,118.99529982494676,15767,119.11253051765691,119.16018506077258,ZZ0000000008:XETR:EUR,DEMO
2024-01-09 08:40:00+00:00,2024-01-09 08:35:00+00:00,2024-01-09,2024-01-09 08:00:00+00:00,2024-01-09 16:30:00+00:00,119.13635778921474,119.1124497804575,119.1720986965515,119.07671604552337,18373,119.0886272905014,119.13627227041358,ZZ0000000008:XETR:EUR,DEMO
2024-01-09 08:45:00+00:00,2024-01-09 08:40:00+00:00,2024-01-09,2024-01-09 08:00:00+00:00,2024-01-09 16:30:00+00:00,119.1124497804575,119.2397599196472,119.27553184762309,119.07671604552337,15171,119.21591196766327,119.26360787163112,ZZ0000000008:XETR:EUR,DEMO
2024-01-09 08:50:00+00:00,2024-01-09 08:45:00+00:00,2024-01-09,2024-01-09 08:00:00+00:00,2024-01-09 16:30:00+00:00,119.2397599196472,119.43704410126517,119.47287521449555,119.20398799167131,25158,119.41315669244493,119.46093151008542,ZZ0000000008:XETR:EUR,DEMO
2024-01-09 08:55:00+00:00,2024-01-09 08:50:00+00:00,2024-01-09,2024-01-09 08:00:00+00:00,2024-01-09 16:30:00+00:00,119.43704410126517,119.38616047595522,119.47287521449555,119.35034462781243,12076,119.36228324386003,119.41003770805041,ZZ0000000008:XETR:EUR,DEMO
2024-01-09 09:00:00+00:00,2024-01-09 08:55:00+00:00,2024-01-09,2024-01-09 08:00:00+00:00,2024-01-09 16:30:00+00:00,119.38616047595522,119.34317051333872,119.42197632409801,119.30736756218472,26532,119.31930187923605,119.36703914744139,ZZ0000000008:XETR:EUR,DEMO
2024-01-09 09:05:00+00:00,2024-01-09 09:00:00+00:00,2024-01-09,2024-01-09 08:00:00+00:00,2024-01-09 16:30:00+00:00,119.34317051333872,119.51259415937847,119.54844793762628,119.30736756218472,16970,119.48869164054659,119.53649667821034,ZZ0000000008:XETR:EUR,DEMO
2024-01-09 09:10:00+00:00,2024-01-09 09:05:00+00:00,2024-01-09,2024-01-09 08:00:00+00:00,2024-01-09 16:30:00+00:00,119.51259415937847,119.53613147181721,119.57199231125875,119.47674038113065,21224,119.51222424552286,119.56003869811157,ZZ0000000008:XETR:EUR,DEMO
2024-01-09 09:15:00+00:00,2024-01-09 09:10:00+00:00,2024-01-09,2024-01-09 08:00:00+00:00,2024-01-09 16:30:00+00:00,119.53613147181721,119.71234477488643,119.74825847831889,119.50027063237567,13155,119.68840230593146,119.7362872438414,ZZ0000000008:XETR:EUR,DEMO
2024-01-09 09:20:00+00:00,2024-01-09 09:15:00+00:00,2024-01-09,2024-01-09 08:00:00+00:00,2024-01-09 16:30:00+00:00,119.71234477488643,119.71186250635529,119.74825847831889,119.67594894760339,17707,119.68792013385402,119.73580487885656,ZZ0000000008:XETR:EUR,DEMO
2024-01-09 09:25:00+00:00,2024-01-09 09:20:00+00:00,2024-01-09,2024-01-09 08:00:00+00:00,2024-01-09 16:30:00+00:00,119.71186250635529,119.89324790841297,119.9292158827855,119.67594894760339,25091,119.8692692588313,119.91722655799465,ZZ0000000008:XETR:EUR,DEMO
2024-01-09 09:30:00+00:00,2024-01-09 09:25:00+00:00,2024-01-09,2024-01-09 08:00:00+00:00,2024-01-09 16:30:00+00:00,119.89324790841297,119.94783437711357,119.9838187274267,119.85727993404045,15413,119.92384481023815,119.97182394398898,ZZ0000000008:XETR:EUR,DEMO
2024-01-09 09:35:00+00:00,2024-01-09 09:30:00+00:00,2024-01-09,2024-01-09 08:00:00+00:00,2024-01-09 16:30:00+00:00,119.94783437711357,120.01461389210002,120.05061827626764,119.91185002680044,12645,119.9906109693216,120.03861681487844,ZZ0000000008:XETR:EUR,DEMO
2024-01-09 09:40:00+00:00,2024-01-09 09:35:00+00:00,2024-01-09,2024-01-09 08:00:00+00:00,2024-01-09 16:30:00+00:00,120.01461389210002,120.20700427219894,120.2430663734806,119.97860950793239,20438,120.1829628713445,120.23104567305339,ZZ0000000008:XETR:EUR,DEMO
2024-01-09 09:45:00+00:00,2024-01-09 09:40:00+00:00,2024-01-09,2024-01-09 08:00:00+00:00,2024-01-09 16:30:00+00:00,120.20700427219894,120.2142870680389,120.2503513541593,120.17094217091729,13249,120.1902442106253,120.2383299254525,ZZ0000000008:XETR:EUR,DEMO
2024-01-09 09:50:00+00:00,2024-01-09 09:45:00+00:00,2024-01-09,2024-01-09 08:00:00+00:00,2024-01-09 16:30:00+00:00,120.2142870680389,120.16586276674252,120.2503513541593,120.1298130079125,16294,120.14182959418918,120.18989593929587,ZZ0000000008:XETR:EUR,DEMO
2024-01-09 09:55:00+00:00,2024-01-09 09:50:00+00:00,2024-01-09,2024-01-09 08:00:00+00:00,2024-01-09 16:30:00+00:00,120.16586276674252,120.16479913936698,120.20191252557254,120.12874969962517,19009,120.1407661795391,120.18883209919485,ZZ0000000008:XETR:EUR,DEMO
2024-01-09 10:00:00+00:00,2024-01-09 09:55:00+00:00,2024-01-09,2024-01-09 08:00:00+00:00,2024-01-09 16:30:00+00:00,120.16479913936698,120.25037096799778,120.28644607928818,120.12874969962517,21281,120.22632089380419,120.27442104219138,ZZ0000000008:XETR:EUR,DEMO
2024-01-09 10:05:00+00:00,2024-01-09 10:00:00+00:00,2024-01-09,2024-01-09 08:00:00+00:00,2024-01-09 16:30:00+00:00,120.25037096799778,120.14188107966146,120.28644607928818,120.10583851533757,22787,120.11785270344554,120.16590945587738,ZZ0000000008:XETR:EUR,DEMO
2024-01-09 10:10:00+00:00,2024-01-09 10:05:00+00:00,2024-01-09,2024-01-09 08:00:00+00:00,2024-01-09 16:30:00+00:00,120.14188107966146,120.24524473954222,120.28131831296407,120.10583851533757,23533,120.22119569059431,120.26929378849012,ZZ0000000008:XETR:EUR,DEMO
2024-01-09 10:15:00+00:00,2024-01-09 10:10:00+00:00,2024-01-09,2024-01-09 08:00:00+00:00,2024-01-09 16:30:00+00:00,120.24524473954222,120.23550321866456,120.28131831296407,120.19943256769896,26885,120.21145611802083,120.25955031930829,ZZ0000000008:XETR:EUR,DEMO
2024-01-09 10:20:00+00:00,2024-01-09 10:15:00+00:00,2024-01-09,2024-01-09 08:00:00+00:00,2024-01-09 16:30:00+00:00,120.23550321866456,120.38808864887581,120.42420507547047,120.19943256769896,11321,120.36401103114603,120.41216626660558,ZZ0000000008:XETR:EUR,DEMO
2024-01-09 10:25:00+00:00,2024-01-09 10:20:00+00:00,2024-01-09,2024-01-09 08:00:00+00:00,2024-01-09 16:30:00+00:00,120.38808864887581,120.19977957118068,120.42420507547047,120.16371963730933,17246,120.17573961526645,120.22381952709492,ZZ0000000008:XETR:EUR,DEMO
2024-01-09 10:30:00+00:00,2024-01-09 10:25:00+00:00,2024-01-09,2024-01-09 08:00:00+00:00,2024-01-09 16:30:00+00:00,120.19977957118068,120.16621815407692,120.23583950505204,120.1301682886307,10021,120.1421849104461,120.19025139770773,ZZ0000000008:XETR:EUR,DEMO
2024-01-09 10:35:00+00:00,2024-01-09 10:30:00+00:00,2024-01-09,2024-01-09 08:00:00+00:00,2024-01-09 16:30:00+00:00,120.16621815407692,120.04621109459615,120.20226801952313,120.01019723126777,10188,120.02220185237722,120.07022033681507,ZZ0000000008:XETR:EUR,DEMO
2024-01-09 10:40:00+00:00,2024-01-09 10:35:00+00:00,2024-01-09,2024-01-09 08:00:00+00:00,2024-01-09 16:30:00+00:00,120.04621109459615,120.00888449921369,120.08222495792452,119.97288183386394,14245,119.98488272231386,120.03288627611353,ZZ0000000008:XETR:EUR,DEMO
2024-01-09 10:45:00+00:00,2024-01-09 10:40:00+00:00,2024-01-09,2024-01-09 08:00:00+00:00,2024-01-09 16:30:00+00:00,120.00888449921369,120.07468332720276,120.11070573220093,119.97288183386394,21962,120.05066839053733,120.0986982638682,ZZ0000000008:XETR:EUR,DEMO
2024-01-09 10:50:00+00:00,2024-01-09 10:45:00+00:00,2024-01-09,2024-01-09 08:00:00+00:00,2024-01-09 16:30:00+00:00,120.07468332720276,120.09949556537947,120.13552541404908,120.0386609222046,27890,120.0754756662664,120.12351546449254,ZZ0000000008:XETR:EUR,DEMO
2024-01-09 10:55:00+00:00,2024-01-09 10:50:00+00:00,2024-01-09,2024-01-09 08:00:00+00:00,2024-01-09 16:30:00+00:00,120.09949556537947,120.11718727719716,120.15322243338032,120.06346571670986,25470,120.09316383974172,120.1412107146526,ZZ0000000008:XETR:EUR,DEMO
2024-01-09 11:00:00+00:00,2024-01-09 10:55:00+00:00,2024-01-09,2024-01-09 08:00:00+00:00,2024-01-09 16:30:00+00:00,120.11718727719716,120.14393459910163,120.17997777948135,120.081152121014,22925,120.11990581218181,120.16796338602144,ZZ0000000008:XETR:EUR,DEMO
2024-01-09 11:05:00+00:00,2024-01-09 11:00:00+00:00,2024-01-09,2024-01-09 08:00:00+00:00,2024-01-09 16:30:00+00:00,120.14393459910163,120.20554946094116,120.24161112577943,120.1078914187219,25563,120.18150835104898,120.22959057083334,ZZ0000000008:XETR:EUR,DEMO
2024-01-09 11:10:00+00:00,2024-01-09 11:05:00+00:00,2024-01-09,2024-01-09 08:00:00+00:00,2024-01-09 16:30:00+00:00,120.20554946094116,120.15064864108767,120.24161112577943,120.11460344649535,13439,120.12661851135945,120.17467877081589,ZZ0000000008:XETR:EUR,DEMO
2024-01-09 11:15:00+00:00,2024-01-09 11:10:00+00:00,2024-01-09,2024-01-09 08:00:00+00:00,2024-01-09 16:30:00+00:00,120.15064864108767,120.26069448707256,120.29677269541867,120.11460344649535,26796,120.23664234817514,120.28474662596997,ZZ0000000008:XETR:EUR,DEMO
2024-01-09 11:20:00+00:00,2024-01-09 11:15:00+00:00,2024-01-09,2024-01-09 08:00:00+00:00,2024-01-09 16:30:00+00:00,120.26069448707256,120.36658645865408,120.40269643459168,120.22461627872644,27805,120.34251314136236,120.3906597759458,ZZ0000000008:XETR:EUR,DEMO
2024-01-09 11:25:00+00:00,2024-01-09 11:20:00+00:00,2024-01-09,2024-01-09 08:00:00+00:00,2024-01-09 16:30:00+00:00,120.36658645865408,120.44581739100492,120.48195113622222,120.33047648271649,11901,120.42172822752673,120.46990655448312,ZZ0000000008:XETR:EUR,DEMO
2024-01-09 11:30:00+00:00,2024-01-09 11:25:00+00:00,2024-01-09,2024-01-09 08:00:00+00:00,2024-01-09 16:30:00+00:00,120.44581739100492,120.54163722162272,120.5777997127892,120.40968364578762,19399,120.5175288941784,120.56574554906705,ZZ0000000008:XETR:EUR,DEMO
2024-01-09 11:35:00+00:00,2024-01-09 11:30:00+00:00,2024-01-09,2024-01-09 08:00:00+00:00,2024-01-09 16:30:00+00:00,120.54163722162272,120.61243214457944,120.64861587422281,120.50547473045624,26600,120.58830965815054,120.63655463100835,ZZ0000000008:XETR:EUR,DEMO
2024-01-09 11:40:00+00:00,2024-01-09 11:35:00+00:00,2024-01-09,2024-01-09 08:00:00+00:00,2024-01-09 16:30:00+00:00,120.61243214457944,120.85124672509258,120.88750209911011,120.57624841493607,19521,120.82707647574756,120.8754169744376,ZZ0000000008:XETR:EUR,DEMO
2024-01-09 11:45:00+00:00,2024-01-09 11:40:00+00:00,2024-01-09,2024-01-09 08:00:00+00:00,2024-01-09 16:30:00+00:00,120.85124672509258,120.88512905892806,120.92139459764573,120.81499135107505,26809,120.86095203311628,120.90930608473984,ZZ0000000008:XETR:EUR,DEMO
2024-01-09 11:50:00+00:00,2024-01-09 11:45:00+00:00,2024-01-09,2024-01-09 08:00:00+00:00,2024-01-09 16:30:00+00:00,120.88512905892806,120.89774207648274,120.93401139910569,120.84886352021039,28710,120.87356252806745,120.92192162489803,ZZ0000000008:XETR:EUR,DEMO
2024-01-09 11:55:00+00:00,2024-01-09 11:50:00+00:00,2024-01-09,2024-01-09 08:00:00+00:00,2024-01-09 16:30:00+00:00,120.89774207648274,120.86718032326903,120.93401139910569,120.83092016917205,19493,120.84300688720437,120.89135375933368,ZZ0000000008:XETR:EUR,DEMO
2024-01-09 12:00:00+00:00,2024-01-09 11:55:00+00:00,2024-01-09,2024-01-09 08:00:00+00:00,2024-01-09 16:30:00+00:00,120.86718032326903,120.80968417341577,120.903440477366,120.77344126816375,11189,120.78552223658109,120.83384611025046,ZZ0000000008:XETR:EUR,DEMO
2024-01-09 12:05:00+00:00,2024-01-09 12:00:00+00:00,2024-01-09,2024-01-09 08:00:00+00:00,2024-01-09 16:30:00+00:00,120.80968417341577,120.73171733750085,120.8459270786678,120.6954978222996,16801,120.70757099403336,120.75586368096835,ZZ0000000008:XETR:EUR,DEMO
2024-01-09 12:10:00+00:00,2024-01-09 12:05:00+00:00,2024-01-09,2024-01-09 08:00:00+00:00,2024-01-09 16:30:00+00:00,120.73171733750085,120.6881364854179,120.7679368527021,120.65193004447228,14303,120.66399885812082,120.71227411271498,ZZ0000000008:XETR:EUR,DEMO
2024-01-09 12:15:00+00:00,2024-01-09 12:10:00+00:00,2024-01-09,2024-01-09 08:00:00+00:00,2024-01-09 16:30:00+00:00,120.6881364854179,120.72355830346257,120.7597753709536,120.65193004447228,19482,120.69941359180187,120.74770301512326,ZZ0000000008:XETR:EUR,DEMO
2024-01-09 12:20:00+00:00,2024-01-09 12:15:00+00:00,2024-01-09,2024-01-09 08:00:00+00:00,2024-01-09 16:30:00+00:00,120.72355830346257,120.79812040311475,120.83435983923569,120.68734123597153,21715,120.77396077903413,120.82228002719538,ZZ0000000008:XETR:EUR,DEMO
2024-01-09 12:25:00+00:00,2024-01-09 12:20:00+00:00,2024-01-09,2024-01-09 08:00:00+00:00,2024-01-09 16:30:00+00:00,120.79812040311475,120.84535126788649,120.88160487326685,120.76188096699381,19277,120.82118219763291,120.86952033814006,ZZ0000000008:XETR:EUR,DEMO
2024-01-09 12:30:00+00:00,2024-01-09 12:25:00+00:00,2024-01-09,2024-01-09 08:00:00+00:00,2024-01-09 16:30:00+00:00,120.84535126788649,120.81364219808246,120.88160487326685,120.77739810542305,13909,120.78947946964284,120.83780492652208,ZZ0000000008:XETR:EUR,DEMO
2024-01-09 12:35:00+00:00,2024-01-09 12:30:00+00:00,2024-01-09,2024-01-09 08:00:00+00:00,2024-01-09 16:30:00+00:00,120.81364219808246,120.94299983705714,120.97928273700826,120.77739810542305,16023,120.91881123708974,120.96718843702455,ZZ0000000008:XETR:EUR,DEMO
2024-01-09 12:40:00+00:00,2024-01-09 12:35:00+00:00,2024-01-09,2024-01-09 08:00:00+00:00,2024-01-09 16:30:00+00:00,120.94299983705714,121.05692493990747,121.09324201738944,120.90671693710603,23590,121.0327135549195,121.08113632489545,ZZ0000000008:XETR:EUR,DEMO
2024-01-09 12:45:00+00:00,2024-01-09 12:40:00+00:00,2024-01-09,2024-01-09 08:00:00+00:00,2024-01-09 16:30:00+00:00,121.05692493990747,121.08383662797418,121.12016177896257,121.0206078624255,10539,121.05961986064858,121.10805339529978,ZZ0000000008:XETR:EUR,DEMO
2024-01-09 12:50:00+00:00,2024-01-09 12:45:00+00:00,2024-01-09,2024-01-09 08:00:00+00:00,2024-01-09 16:30:00+00:00,121.08383662797418,121.06297169526907,121.12016177896257,121.0266528037605,14281,121.03875910093002,121.08718428960812,ZZ0000000008:XETR:EUR,DEMO
2024-01-09 12:55:00+00:00,2024-01-09 12:50:00+00:00,2024-01-09,2024-01-09 08:00:00+00:00,2024-01-09 16:30:00+00:00,121.06297169526907,121.15849685386357,121.19484440291973,121.0266528037605,27846,121.1342651544928,121.18272855323434,ZZ0000000008:XETR:EUR,DEMO
2024-01-09 13:00:00+00:00,2024-01-09 12:55:00+00:00,2024-01-09,2024-01-09 08:00:00+00:00,2024-01-09 16:30:00+00:00,121.15849685386357,121.21913717591151,121.25550291706428,121.12214930480741,11983,121.19489334847633,121.2433810033467,ZZ0000000008:XETR:EUR,DEMO
2024-01-09 13:05:00+00:00,2024-01-09 13:00:00+00:00,2024-01-09,2024-01-09 08:00:00+00:00,2024-01-09 16:30:00+00:00,121.21913717591151,121.12117089269236,121.25550291706428,121.08483454142456,18294,121.09694665851383,121.1453951268709,ZZ0000000008:XETR:EUR,DEMO
2024-01-09 13:10:00+00:00,2024-01-09 13:05:00+00:00,2024-01-09,2024-01-09 08:00:00+00:00,2024-01-09 16:30:00+00:00,121.12117089269236,121.15698151677515,121.19332861123017,121.08483454142456,14139,121.1327501204718,121.1812129130785,ZZ0000000008:XETR:EUR,DEMO
2024-01-09 13:15:00+00:00,2024-01-09 13:10:00+00:00,2024-01-09,2024-01-09 08:00:00+00:00,2024-01-09 16:30:00+00:00,121.15698151677515,121.22480341050552,121.26117085152866,121.12063442232012,12093,121.20055844982342,121.24904837118761,ZZ0000000008:XETR:EUR,DEMO
2024-01-09 13:20:00+00:00,2024-01-09 13:15:00+00:00,2024-01-09,2024-01-09 08:00:00+00:00,2024-01-09 16:30:00+00:00,121.22480341050552,121.17998811867035,121.26117085152866,121.14363412223476,18454,121.15575212104662,121.20422411629409,ZZ0000000008:XETR:EUR,DEMO
2024-01-09 13:25:00+00:00,2024-01-09 13:20:00+00:00,2024-01-09,2024-01-09 08:00:00+00:00,2024-01-09 16:30:00+00:00,121.17998811867035,121.24082055443644,121.27719280060276,121.14363412223476,20428,121.21657239032555,121.26506871854733,ZZ0000000008:XETR:EUR,DEMO
2024-01-09 13:30:00+00:00,2024-01-09 13:25:00+00:00,2024-01-09,2024-01-09 08:00:00+00:00,2024-01-09 16:30:00+00:00,121.24082055443644,121.1421878860683,121.27719280060276,121.10584522970248,13522,121.11795944849109,121.1664163236455,ZZ0000000008:XETR:EUR,DEMO
2024-01-09 13:35:00+00:00,2024-01-09 13:30:00+00:00,2024-01-09,2024-01-09 08:00:00+00:00,2024-01-09 16:30:00+00:00,121.1421878860683,121.31420447039925,121.35059873174036,121.10584522970248,11555,121.28994162950517,121.33846731129333,ZZ0000000008:XETR:EUR,DEMO
2024-01-09 13:40:00+00:00,2024-01-09 13:35:00+00:00,2024-01-09,2024-01-09 08:00:00+00:00,2024-01-09 16:30:00+00:00,121.31420447039925,121.47789001841136,121.51433338541688,121.27781020905813,12693,121.45359444040768,121.50218559641503,ZZ0000000008:XETR:EUR,DEMO
2024-01-09 13:45:00+00:00,2024-01-09 13:40:00+00:00,2024-01-09,2024-01-09 08:00:00+00:00,2024-01-09 16:30:00+00:00,121.47789001841136,121.4958683917886,121.53231715230613,121.44144665140584,23030,121.47156921811025,121.52016756546696,ZZ0000000008:XETR:EUR,DEMO
2024-01-09 13:50:00+00:00,2024-01-09 13:45:00+00:00,2024-01-09,2024-01-09 08:00:00+00:00,2024-01-09 16:30:00+00:00,121.4958683917886,121.57374345312574,121.61021557616168,121.45941963127107,27205,121.54942870443512,121.59805820181637,ZZ0000000008:XETR:EUR,DEMO
2024-01-09 13:55:00+00:00,2024-01-09 13:50:00+00:00,2024-01-09,2024-01-09 08:00:00+00:00,2024-01-09 16:30:00+00:00,121.57374345312574,121.38205894834839,121.61021557616168,121.34564433066389,13605,121.35778253655872,121.40633536013806,ZZ0000000008:XETR:EUR,DEMO
2024-01-09 14:00:00+00:00,2024-01-09 13:55:00+00:00,2024-01-09,2024-01-09 08:00:00+00:00,2024-01-09 16:30:00+00:00,121.38205894834839,121.31227484866776,121.41847356603289,121.27588116621315,16407,121.28801239369803,121.33653730363748,ZZ0000000008:XETR:EUR,DEMO
2024-01-09 14:05:00+00:00,2024-01-09 14:00:00+00:00,2024-01-09,2024-01-09 08:00:00+00:00,2024-01-09 16:30:00+00:00,121.31227484866776,121.32622375546521,121.36262162259185,121.27588116621315,16876,121.30195851071412,121.3504890002163,ZZ0000000008:XETR:EUR,DEMO
2024-01-09 14:10:00+00:00,2024-01-09 14:05:00+00:00,2024-01-09,2024-01-09 08:00:00+00:00,2024-01-09 16:30:00+00:00,121.32622375546521,121.26464128732697,121.36262162259185,121.22826189494077,17215,121.2403883590695,121.28889421558443,ZZ0000000008:XETR:EUR,DEMO
2024-01-09 14:15:00+00:00,2024-01-09 14:10:00+00:00,2024-01-09,2024-01-09 08:00:00+00:00,2024-01-09 16:30:00+00:00,121.26464128732697,121.37644024275787,121.41285317483069,121.22826189494077,14886,121.35216495470932,121.40071553080641,ZZ0000000008:XETR:EUR,DEMO
2024-01-09 14:20:00+00:00,2024-01-09 14:15:00+00:00,2024-01-09,2024-01-09 08:00:00+00:00,2024-01-09 16:30:00+00:00,121.37644024275787,121.61309219617118,121.64957612383003,121.34002731068504,11105,121.58876957773195,121.63741481461041,ZZ0000000008:XETR:EUR,DEMO
2024-01-09 14:25:00+00:00,2024-01-09 14:20:00+00:00,2024-01-09,2024-01-09 08:00:00+00:00,2024-01-09 16:30:00+00:00,121.61309219617118,121.54120463031491,121.64957612383003,121.50474226892582,20503,121.51689638938885,121.56551287124097,ZZ0000000008:XETR:EUR,DEMO
2024-01-09 14:30:00+00:00,2024-01-09 14:25:00+00:00,2024-01-09,2024-01-09 08:00:00+00:00,2024-01-09 16:30:00+00:00,121.54120463031491,121.50232122426998,121.57766699170399,121.4658705279027,17147,121.47802076002513,121.52662168851482,ZZ0000000008:XETR:EUR,DEMO
2024-01-09 14:35:00+00:00,2024-01-09 14:30:00+00:00,2024-01-09,2024-01-09 08:00:00+00:00,2024-01-09 16:30:00+00:00,121.50232122426998,121.5677506659951,121.60422099119491,121.4658705279027,16845,121.5434371158619,121.5920642161283,ZZ0000000008:XETR:EUR,DEMO
2024-01-09 14:40:00+00:00,2024-01-09 14:35:00+00:00,2024-01-09,2024-01-09 08:00:00+00:00,2024-01-09 16:30:00+00:00,121.5677506659951,121.7671505446087,121.80368068977208,121.5312803407953,15296,121.74279711449978,121.79150397471761,ZZ0000000008:XETR:EUR,DEMO
2024-01-09 14:45:00+00:00,2024-01-09 14:40:00+00:00,2024-01-09,2024-01-09 08:00:00+00:00,2024-01-09 16:30:00+00:00,121.7671505446087,121.69071701654613,121.80368068977208,121.65420980144117,28586,121.66637887314282,121.71505515994944,ZZ0000000008:XETR:EUR,DEMO
2024-01-09 14:50:00+00:00,2024-01-09 14:45:00+00:00,2024-01-09,2024-01-09 08:00:00+00:00,2024-01-09 16:30:00+00:00,121.69071701654613,121.75757143243916,121.7940987038689,121.65420980144117,22209,121.73321991815268,121.78192294672564,ZZ0000000008:XETR:EUR,DEMO
2024-01-09 14:55:00+00:00,2024-01-09 14:50:00+00:00,2024-01-09,2024-01-09 08:00:00+00:00,2024-01-09 16:30:00+00:00,121.75757143243916,121.97779103517166,122.01438437248221,121.72104416100943,18373,121.95339547696463,122.0021865933787,ZZ0000000008:XETR:EUR,DEMO
2024-01-09 15:00:00+00:00,2024-01-09 14:55:00+00:00,2024-01-09,2024-01-09 08:00:00+00:00,2024-01-09 16:30:00+00:00,121.97779103517166,121.85935844871403,122.01438437248221,121.82280064117943,14107,121.8349865770243,121.88373032040377,ZZ0000000008:XETR:EUR,DEMO
2024-01-09 15:05:00+00:00,2024-01-09 15:00:00+00:00,2024-01-09,2024-01-09 08:00:00+00:00,2024-01-09 16:30:00+00:00,121.85935844871403,121.77714874977963,121.89591625624864,121.7406156051547,26022,121.75279332002967,121.80150417952959,ZZ0000000008:XETR:EUR,DEMO
2024-01-09 15:10:00+00:00,2024-01-09 15:05:00+00:00,2024-01-09,2024-01-09 08:00:00+00:00,2024-01-09 16:30:00+00:00,121.77714874977963,121.77850227558298,121.81503582626566,121.7406156051547,27767,121.75414657512786,121.8028579760381,ZZ0000000008:XETR:EUR,DEMO
2024-01-09 15:15:00+00:00,2024-01-09 15:10:00+00:00,2024-01-09,2024-01-09 08:00:00+00:00,2024-01-09 16:30:00+00:00,121.77850227558298,121.77040783862833,121.81503582626566,121.73387671627674,10646,121.74605375706061,121.79476192019605,ZZ0000000008:XETR:EUR,DEMO
2024-01-09 15:20:00+00:00,2024-01-09 15:15:00+00:00,2024-01-09,2024-01-09 08:00:00+00:00,2024-01-09 16:30:00+00:00,121.77040783862833,121.89224902892431,121.92881670363299,121.73387671627674,28593,121.86787057911853,121.91662747873009,ZZ0000000008:XETR:EUR,DEMO
2024-01-09 15:25:00+00:00,2024-01-09 15:20:00+00:00,2024-01-09,2024-01-09 08:00:00+00:00,2024-01-09 16:30:00+00:00,121.89224902892431,121.95849446834733,121.99508201668783,121.85568135421563,23988,121.93410276945366,121.98288616724099,ZZ0000000008:XETR:EUR,DEMO
2024-01-09 15:30:00+00:00,2024-01-09 15:25:00+00:00,2024-01-09,2024-01-09 08:00:00+00:00,2024-01-09 16:30:00+00:00,121.95849446834733,121.82807236727275,121.99508201668783,121.79152394556257,11996,121.8037067527993,121.8524379817462,ZZ0000000008:XETR:EUR,DEMO
2024-01-09 15:35:00+00:00,2024-01-09 15:30:00+00:00,2024-01-09,2024-01-09 08:00:00+00:00,2024-01-09 16:30:00+00:00,121.82807236727275,121.92098076614452,121.95755706037437,121.79152394556257,25063,121.8965965699913,121.94536496229775,ZZ0000000008:XETR:EUR,DEMO
2024-01-09 15:40:00+00:00,2024-01-09 15:35:00+00:00,2024-01-09,2024-01-09 08:00:00+00:00,2024-01-09 16:30:00+00:00,121.92098076614452,121.90732258843578,121.95755706037437,121.87075039165924,12148,121.88294112391809,121.93170405295346,ZZ0000000008:XETR:EUR,DEMO
2024-01-09 15:45:00+00:00,2024-01-09 15:40:00+00:00,2024-01-09,2024-01-09 08:00:00+00:00,2024-01-09 16:30:00+00:00,121.90732258843578,122.07439609203279,122.1110184108604,121.87075039165924,11017,122.04998121281439,122.09881097125118,ZZ0000000008:XETR:EUR,DEMO
2024-01-09 15:50:00+00:00,2024-01-09 15:45:00+00:00,2024-01-09,2024-01-09 08:00:00+00:00,2024-01-09 16:30:00+00:00,122.07439609203279,122.05583364649225,122.1110184108604,122.0192168963983,12306,122.03142247976295,122.08024481322154,ZZ0000000008:XETR:EUR,DEMO
2024-01-09 15:55:00+00:00,2024-01-09 15:50:00+00:00,2024-01-09,2024-01-09 08:00:00+00:00,2024-01-09 16:30:00+00:00,122.05583364649225,122.03639264943658,122.09245039658619,121.99978173164175,19196,122.0119853709067,122.06079992796646,ZZ0000000008:XETR:EUR,DEMO
2024-01-09 16:00:00+00:00,2024-01-09 15:55:00+00:00,2024-01-09,2024-01-09 08:00:00+00:00,2024-01-09 16:30:00+00:00,122.03639264943658,122.13197299694649,122.16861258884556,121.99978173164175,22391,122.1075466023471,122.15639939154588,ZZ0000000008:XETR:EUR,DEMO
2024-01-09 16:05:00+00:00,2024-01-09 16:00:00+00:00,2024-01-09,2024-01-09 08:00:00+00:00,2024-01-09 16:30:00+00:00,122.13197299694649,122.24931769718278,122.28599249249193,122.09533340504741,18146,122.22486783364334,122.2737675607222,ZZ0000000008:XETR:EUR,DEMO
2024-01-09 16:10:00+00:00,2024-01-09 16:05:00+00:00,2024-01-09,2024-01-09 08:00:00+00:00,2024-01-09 16:30:00+00:00,122.24931769718278,122.33595951993132,122.3726603077873,122.21264290187362,12439,122.31149232802734,122.3604267118353,ZZ0000000008:XETR:EUR,DEMO
2024-01-09 16:15:00+00:00,2024-01-09 16:10:00+00:00,2024-01-09,2024-01-09 08:00:00+00:00,2024-01-09 16:30:00+00:00,122.33595951993132,122.21387073523108,122.3726603077873,122.17720657401051,13983,122.18942796108404,122.23831350937813,ZZ0000000008:XETR:EUR,DEMO
2024-01-09 16:20:00+00:00,2024-01-09 16:15:00+00:00,2024-01-09,2024-01-09 08:00:00+00:00,2024-01-09 16:30:00+00:00,122.21387073523108,122.30928703509416,122.34597982120468,122.17720657401051,27047,122.28482517768714,122.33374889250118,ZZ0000000008:XETR:EUR,DEMO
2024-01-09 16:25:00+00:00,2024-01-09 16:20:00+00:00,2024-01-09,2024-01-09 08:00:00+00:00,2024-01-09 16:30:00+00:00,122.30928703509416,122.25090483955128,122.34597982120468,122.21422956809943,29252,122.22645465858338,122.27535502051919,ZZ0000000008:XETR:EUR,DEMO
2024-01-09 16:30:00+00:00,2024-01-09 16:25:00+00:00,2024-01-09,2024-01-09 08:00:00+00:00,2024-01-09 16:30:00+00:00,122.25090483955128,122.31672054037186,122.35341555653397,122.21422956809943,25085,122.29225719626379,122.34118388447993,ZZ0000000008:XETR:EUR,DEMO
2024-01-10 08:05:00+00:00,2024-01-10 08:00:00+00:00,2024-01-10,2024-01-10 08:00:00+00:00,2024-01-10 16:30:00+00:00,122.31672054037186,122.2202522320656,122.35341555653397,122.18358615639599,12068,122.1958081816192,122.24469628251201,ZZ0000000008:XETR:EUR,DEMO
2024-01-10 08:10:00+00:00,2024-01-10 08:05:00+00:00,2024-01-10,2024-01-10 08:00:00+00:00,2024-01-10 16:30:00+00:00,122.2202522320656,122.3066995627311,122.34339157259991,122.18358615639599,26396,122.28223822281855,122.33116090264365,ZZ0000000008:XETR:EUR,DEMO
2024-01-10 08:15:00+00:00,2024-01-10 08:10:00+00:00,2024-01-10,2024-01-10 08:00:00+00:00,2024-01-10 16:30:00+00:00,122.3066995627311,122.27059027911385,122.34339157259991,122.23390910203011,23839,122.24613616105803,122.29504439716966,ZZ0000000008:XETR:EUR,DEMO
2024-01-10 08:20:00+00:00,2024-01-10 08:15:00+00:00,2024-01-10,2024-01-10 08:00:00+00:00,2024-01-10 16:30:00+00:00,122.27059027911385,122.18795012904147,122.30727145619758,122.15129374400276,20521,122.16351253901566,122.21238771906728,ZZ0000000008:XETR:EUR,DEMO
2024-01-10 08:25:00+00:00,2024-01-10 08:20:00+00:00,2024-01-10,2024-01-10 08:00:00+00:00,2024-01-10 16:30:00+00:00,122.18795012904147,122.30054393162173,122.33723409480122,122.15129374400276,12864,122.27608382283542,122.32500404040805,ZZ0000000008:XETR:EUR,DEMO
2024-01-10 08:30:00+00:00,2024-01-10 08:25:00+00:00,2024-01-10,2024-01-10 08:00:00+00:00,2024-01-10 16:30:00+00:00,122.30054393162173,122.36700978148123,122.40371988441566,122.26385376844225,29933,122.34253637952493,122.39148318343753,ZZ0000000008:XETR:EUR,DEMO
2024-01-10 08:35:00+00:00,2024-01-10 08:30:00+00:00,2024-01-10,2024-01-10 08:00:00+00:00,2024-01-10 16:30:00+00:00,122.36700978148123,122.34973505015985,122.40371988441566,122.3130301296448,18852,122.32526510314982,122.37420499716988,ZZ0000000008:XETR:EUR,DEMO
2024-01-10 08:40:00+00:00,2024-01-10 08:35:00+00:00,2024-01-10,2024-01-10 08:00:00+00:00,2024-01-10 16:30:00+00:00,122.34973505015985,122.53473826504542,122.57149868652493,122.3130301296448,10883,122.51023131739241,122.55924521269843,ZZ0000000008:XETR:EUR,DEMO
2024-01-10 08:45:00+00:00,2024-01-10 08:40:00+00:00,2024-01-10,2024-01-10 08:00:00+00:00,2024-01-10 16:30:00+00:00,122.53473826504542,122.53442924051352,122.57149868652493,122.49766891174137,14199,122.50992235466542,122.55893612636162,ZZ0000000008:XETR:EUR,DEMO
2024-01-10 08:50:00+00:00,2024-01-10 08:45:00+00:00,2024-01-10,2024-01-10 08:00:00+00:00,2024-01-10 16:30:00+00:00,122.53442924051352,122.58047237549339,122.61724651720603,122.49766891174137,18025,122.5559562810183,122.60498846996848,ZZ0000000008:XETR:EUR,DEMO
2024-01-10 08:55:00+00:00,2024-01-10 08:50:00+00:00,2024-01-10,2024-01-10 08:00:00+00:00,2024-01-10 16:30:00+00:00,122.58047237549339,122.64976594890109,122.68656087868575,122.54369823378074,11246,122.62523599571131,122.67429590209088,ZZ0000000008:XETR:EUR,DEMO
2024-01-10 09:00:00+00:00,2024-01-10 08:55:00+00:00,2024-01-10,2024-01-10 08:00:00+00:00,2024-01-10 16:30:00+00:00,122.64976594890109,122.63189316390996,122.68656087868575,122.5951035959608,16478,122.60736678527718,122.65641954254275,ZZ0000000008:XETR:EUR,DEMO
2024-01-10 09:05:00+00:00,2024-01-10 09:00:00+00:00,2024-01-10,2024-01-10 08:00:00+00:00,2024-01-10 16:30:00+00:00,122.63189316390996,122.72106780199404,122.75788412233463,122.5951035959608,19368,122.69652358843365,122.74561201555443,ZZ0000000008:XETR:EUR,DEMO
2024-01-10 09:10:00+00:00,2024-01-10 09:05:00+00:00,2024-01-10,2024-01-10 08:00:00+00:00,2024-01-10 16:30:00+00:00,122.72106780199404,122.711647863943,122.75788412233463,122.67483436958382,28972,122.68710553437022,122.73619019351578,ZZ0000000008:XETR:EUR,DEMO
2024-01-10 09:15:00+00:00,2024-01-10 09:10:00+00:00,2024-01-10,2024-01-10 08:00:00+00:00,2024-01-10 16:30:00+00:00,122.711647863943,122.71418671348438,122.75100096949842,122.67483436958382,11727,122.68964387614169,122.73872955082707,ZZ0000000008:XETR:EUR,DEMO
2024-01-10 09:20:00+00:00,2024-01-10 09:15:00+00:00,2024-01-10,2024-01-10 08:00:00+00:00,2024-01-10 16:30:00+00:00,122.71418671348438,122.89103645683481,122.92790376777185,122.67737245747034,21537,122.86645824954344,122.91561466412618,ZZ0000000008:XETR:EUR,DEMO
2024-01-10 09:25:00+00:00,2024-01-10 09:20:00+00:00,2024-01-10,2024-01-10 08:00:00+00:00,2024-01-10 16:30:00+00:00,122.89103645683481,122.83175966153533,122.92790376777185,122.79491013363688,28315,122.80719330960302,122.85632601346764,ZZ0000000008:XETR:EUR,DEMO
2024-01-10 09:30:00+00:00,2024-01-10 09:25:00+00:00,2024-01-10,2024-01-10 08:00:00+00:00,2024-01-10 16:30:00+00:00,122.83175966153533,122.63781121581623,122.86860918943378,122.60101987245149,26123,122.61328365357306,122.6623387780594,ZZ0000000008:XETR:EUR,DEMO
2024-01-10 09:35:00+00:00,2024-01-10 09:30:00+00:00,2024-01-10,2024-01-10 08:00:00+00:00,2024-01-10 16:30:00+00:00,122.63781121581623,122.83894864132617,122.87580032591856,122.60101987245149,28498,122.8143808515979,122.86351643105444,ZZ0000000008:XETR:EUR,DEMO
2024-01-10 09:40:00+00:00,2024-01-10 09:35:00+00:00,2024-01-10,2024-01-10 08:00:00+00:00,2024-01-10 16:30:00+00:00,122.83894864132617,123.13281864153356,123.16975848712602,122.80209695673378,13406,123.10819207780526,123.15744520526187,ZZ0000000008:XETR:EUR,DEMO
2024-01-10 09:45:00+00:00,2024-01-10 09:40:00+00:00,2024-01-10,2024-01-10 08:00:00+00:00,2024-01-10 16:30:00+00:00,123.13281864153356,123.1359936114197,123.17293440950313,123.0958787959411,26026,123.11136641269742,123.16062081014199,ZZ0000000008:XETR:EUR,DEMO
2024-01-10 09:50:00+00:00,2024-01-10 09:45:00+00:00,2024-01-10,2024-01-10 08:00:00+00:00,2024-01-10 16:30:00+00:00,123.1359936114197,122.98838417218325,123.17293440950313,122.95148765693159,29572,122.96378649534881,123.01298184901768,ZZ0000000008:XETR:EUR,DEMO
2024-01-10 09:55:00+00:00,2024-01-10 09:50:00+00:00,2024-01-10,2024-01-10 08:00:00+00:00,2024-01-10 16:30:00+00:00,122.98838417218325,123.00088200356774,123.03778226816881,122.95148765693159,16520,122.97628182716703,123.02548217996845,ZZ0000000008:XETR:EUR,DEMO
2024-01-10 10:00:00+00:00,2024-01-10 09:55:00+00:00,2024-01-10,2024-01-10 08:00:00+00:00,2024-01-10 16:30:00+00:00,123.00088200356774,123.01576867283133,123.05267340343318,122.96398173896667,19972,122.99116551909677,123.04037182656589,ZZ0000000008:XETR:EUR,DEMO
2024-01-10 10:05:00+00:00,2024-01-10 10:00:00+00:00,2024-01-10,2024-01-10 08:00:00+00:00,2024-01-10 16:30:00+00:00,123.01576867283133,123.04013570303134,123.07704774374224,122.97886394222948,20616,123.01552767589074,123.06474373017194,ZZ0000000008:XETR:EUR,DEMO
2024-01-10 10:10:00+00:00,2024-01-10 10:05:00+00:00,2024-01-10,2024-01-10 08:00:00+00:00,2024-01-10 16:30:00+00:00,123.04013570303134,122.97362460115669,123.07704774374224,122.93673251377635,19873,122.94902987623645,122.99821932607692,ZZ0000000008:XETR:EUR,DEMO
2024-01-10 10:15:00+00:00,2024-01-10 10:10:00+00:00,2024-01-10,2024-01-10 08:00:00+00:00,2024-01-10 16:30:00+00:00,122.97362460115669,123.07372267408363,123.11064479088584,122.93673251377635,15795,123.04910792954881,123.09833741861844,ZZ0000000008:XETR:EUR,DEMO
2024-01-10 10:20:00+00:00,2024-01-10 10:15:00+00:00,2024-01-10,2024-01-10 08:00:00+00:00,2024-01-10 16:30:00+00:00,123.07372267408363,123.1684773944358,123.20542793765412,123.03680055728141,29417,123.14384369895691,123.19311108991468,ZZ0000000008:XETR:EUR,DEMO
2024-01-10 10:25:00+00:00,2024-01-10 10:20:00+00:00,2024-01-10,2024-01-10 08:00:00+00:00,2024-01-10 16:30:00+00:00,123.1684773944358,123.06437944456661,123.20542793765412,123.02746013073325,29129,123.0397665686777,123.08899232045552,ZZ0000000008:XETR:EUR,DEMO
2024-01-10 10:30:00+00:00,2024-01-10 10:25:00+00:00,2024-01-10,2024-01-10 08:00:00+00:00,2024-01-10 16:30:00+00:00,123.06437944456661,123.17633984518206,123.21329274713561,123.02746013073325,17614,123.15170457721302,123.20097511315109,ZZ0000000008:XETR:EUR,DEMO
2024-01-10 10:35:00+00:00,2024-01-10 10:30:00+00:00,2024-01-10,2024-01-10 08:00:00+00:00,2024-01-10 16:30:00+00:00,123.17633984518206,123.42196992697414,123.45899651795223,123.1393869432285,26105,123.39728553298875,123.44665432095954,ZZ0000000008:XETR:EUR,DEMO
2024-01-10 10:40:00+00:00,2024-01-10 10:35:00+00:00,2024-01-10,2024-01-10 08:00:00+00:00,2024-01-10 16:30:00+00:00,123.42196992697414,123.48216123532505,123.51920588369565,123.38494333599606,17950,123.45746480307798,123.50685766757212,ZZ0000000008:XETR:EUR,DEMO
2024-01-10 10:45:00+00:00,2024-01-10 10:40:00+00:00,2024-01-10,2024-01-10 08:00:00+00:00,2024-01-10 16:30:00+00:00,123.48216123532505,123.49205747625282,123.5291050934957,123.44511658695446,25896,123.46735906475757,123.51675588774808,ZZ0000000008:XETR:EUR,DEMO
2024-01-10 10:50:00+00:00,2024-01-10 10:45:00+00:00,2024-01-10,2024-01-10 08:00:00+00:00,2024-01-10 16:30:00+00:00,123.49205747625282,123.52125413194837,123.55831050818794,123.45500985900995,21695,123.49654988112198,123.54595838277476,ZZ0000000008:XETR:EUR,DEMO
2024-01-10 10:55:00+00:00,2024-01-10 10:50:00+00:00,2024-01-10,2024-01-10 08:00:00+00:00,2024-01-10 16:30:00+00:00,123.52125413194837,123.62532822059855,123.66241581906472,123.48419775570879,19403,123.60060315495443,123.65005328624267,ZZ0000000008:XETR:EUR,DEMO
2024-01-10 11:00:00+00:00,2024-01-10 10:55:00+00:00,2024-01-10,2024-01-10 08:00:00+00:00,2024-01-10 16:30:00+00:00,123.62532822059855,123.49749934252856,123.66241581906472,123.46045009272581,12561,123.47279984266005,123.52219884239706,ZZ0000000008:XETR:EUR,DEMO
2024-01-10 11:05:00+00:00,2024-01-10 11:00:00+00:00,2024-01-10,2024-01-10 08:00:00+00:00,2024-01-10 16:30:00+00:00,123.49749934252856,123.55697925889896,123.59404635267663,123.46045009272581,23091,123.53226786304718,123.58169065475074,ZZ0000000008:XETR:EUR,DEMO
2024-01-10 11:10:00+00:00,2024-01-10 11:05:00+00:00,2024-01-10,2024-01-10 08:00:00+00:00,2024-01-10 16:30:00+00:00,123.55697925889896,123.5616286522306,123.59869714082626,123.5199121651213,16421,123.53691632650015,123.58634097796104,ZZ0000000008:XETR:EUR,DEMO
2024-01-10 11:15:00+00:00,2024-01-10 11:10:00+00:00,2024-01-10,2024-01-10 08:00:00+00:00,2024-01-10 16:30:00+00:00,123.5616286522306,123.78773806713008,123.82487438855021,123.52456016363493,14337,123.76298051951666,123.8124956147435,ZZ0000000008:XETR:EUR,DEMO
2024-01-10 11:20:00+00:00,2024-01-10 11:15:00+00:00,2024-01-10,2024-01-10 08:00:00+00:00,2024-01-10 16:30:00+00:00,123.78773806713008,123.81381816339676,123.85096230884578,123.75060174570994,13864,123.78905539976408,123.83858092702944,ZZ0000000008:XETR:EUR,DEMO
2024-01-10 11:25:00+00:00,2024-01-10 11:20:00+00:00,2024-01-10,2024-01-10 08:00:00+00:00,2024-01-10 16:30:00+00:00,123.81381816339676,124.022534748857,124.05974150928165,123.77667401794774,29637,123.99773024190723,124.04733925580676,ZZ0000000008:XETR:EUR,DEMO
2024-01-10 11:30:00+00:00,2024-01-10 11:25:00+00:00,2024-01-10,2024-01-10 08:00:00+00:00,2024-01-10 16:30:00+00:00,124.022534748857,123.95644927388125,124.05974150928165,123.91926233909909,12065,123.93165798402647,123.98124056373602,ZZ0000000008:XETR:EUR,DEMO
2024-01-10 11:35:00+00:00,2024-01-10 11:30:00+00:00,2024-01-10,2024-01-10 08:00:00+00:00,2024-01-10 16:30:00+00:00,123.95644927388125,124.05811134598576,124.09532877938956,123.91926233909909,25970,124.03329972371657,124.08292296825496,ZZ0000000008:XETR:EUR,DEMO
2024-01-10 11:40:00+00:00,2024-01-10 11:35:00+00:00,2024-01-10,2024-01-10 08:00:00+00:00,2024-01-10 16:30:00+00:00,124.05811134598576,124.13325378758596,124.17049376372223,124.02089391258197,27322,124.10842713682844,124.15808043834348,ZZ0000000008:XETR:EUR,DEMO
2024-01-10 11:45:00+00:00,2024-01-10 11:40:00+00:00,2024-01-10,2024-01-10 08:00:00+00:00,2024-01-10 16:30:00+00:00,124.13325378758596,124.09040569317,124.17049376372223,124.05317857146206,10621,124.06558761203136,124.11522377430863,ZZ0000000008:XETR:EUR,DEMO
2024-01-10 11:50:00+00:00,2024-01-10 11:45:00+00:00,2024-01-10,2024-01-10 08:00:00+00:00,2024-01-10 16:30:00+00:00,124.09040569317,124.15146287612815,124.18870831499099,124.05317857146206,21786,124.12663258355293,124.17629316870337,ZZ0000000008:XETR:EUR,DEMO
2024-01-10 11:55:00+00:00,2024-01-10 11:50:00+00:00,2024-01-10,2024-01-10 08:00:00+00:00,2024-01-10 16:30:00+00:00,124.15146287612815,124.31545288885293,124.35274752471959,124.11421743726531,21548,124.29058979827516,124.3403159794307,ZZ0000000008:XETR:EUR,DEMO
2024-01-10 12:00:00+00:00,2024-01-10 11:55:00+00:00,2024-01-10,2024-01-10 08:00:00+00:00,2024-01-10 16:30:00+00:00,124.31545288885293,124.32676196184235,124.3640599904309,124.27815825298627,17173,124.30189660944998,124.35162731423472,ZZ0000000008:XETR:EUR,DEMO
2024-01-10 12:05:00+00:00,2024-01-10 12:00:00+00:00,2024-01-10,2024-01-10 08:00:00+00:00,2024-01-10 16:30:00+00:00,124.32676196184235,124.20205392559977,124.3640599904309,124.1647933094221,23334,124.17721351481465,124.22689433638489,ZZ0000000008:XETR:EUR,DEMO
2024-01-10 12:10:00+00:00,2024-01-10 12:05:00+00:00,2024-01-10,2024-01-10 08:00:00+00:00,2024-01-10 16:30:00+00:00,124.20205392559977,124.24378658282187,124.28105971879671,124.1647933094221,18173,124.21893782550531,124.26863534013843,ZZ0000000008:XETR:EUR,DEMO
2024-01-10 12:15:00+00:00,2024-01-10 12:10:00+00:00,2024-01-10,2024-01-10 08:00:00+00:00,2024-01-10 16:30:00+00:00,124.24378658282187,124.19758413097581,124.28105971879671,124.16032485573652,18793,124.17274461414962,124.222423647802,ZZ0000000008:XETR:EUR,DEMO
2024-01-10 12:20:00+00:00,2024-01-10 12:15:00+00:00,2024-01-10,2024-01-10 08:00:00+00:00,2024-01-10 16:30:00+00:00,124.19758413097581,124.20703931129056,124.24430142308394,124.16032485573652,18630,124.1821979034283,124.23188071915281,ZZ0000000008:XETR:EUR,DEMO
2024-01-10 12:25:00+00:00,2024-01-10 12:20:00+00:00,2024-01-10,2024-01-10 08:00:00+00:00,2024-01-10 16:30:00+00:00,124.20703931129056,124.24240979007169,124.27968251300871,124.16977719949718,26013,124.21756130811367,124.26725827202971,ZZ0000000008:XETR:EUR,DEMO
2024-01-10 12:30:00+00:00,2024-01-10 12:25:00+00:00,2024-01-10,2024-01-10 08:00:00+00:00,2024-01-10 16:30:00+00:00,124.24240979007169,124.11642707714128,124.27968251300871,124.07919214901814,22662,124.09160379172586,124.1412503625567,ZZ0000000008:XETR:EUR,DEMO
2024-01-10 12:35:00+00:00,2024-01-10 12:30:00+00:00,2024-01-10,2024-01-10 08:00:00+00:00,2024-01-10 16:30:00+00:00,124.11642707714128,123.99949914675783,124.15366200526442,123.9622992970138,17580,123.97469924692848,124.02429904658717,ZZ0000000008:XETR:EUR,DEMO
2024-01-10 12:40:00+00:00,2024-01-10 12:35:00+00:00,2024-01-10,2024-01-10 08:00:00+00:00,2024-01-10 16:30:00+00:00,123.99949914675783,124.09075337001501,124.127980596026,123.9622992970138,28535,124.06593521934101,124.115571520689,ZZ0000000008:XETR:EUR,DEMO
2024-01-10 12:45:00+00:00,2024-01-10 12:40:00+00:00,2024-01-10,2024-01-10 08:00:00+00:00,2024-01-10 16:30:00+00:00,124.09075337001501,124.08229377661738,124.127980596026,124.0450690884844,26041,124.05747731786205,124.1071102353727,ZZ0000000008:XETR:EUR,DEMO
2024-01-10 12:50:00+00:00,2024-01-10 12:45:00+00:00,2024-01-10,2024-01-10 08:00:00+00:00,2024-01-10 16:30:00+00:00,124.08229377661738,123.8713106667021,124.11951846475036,123.83414927350209,28655,123.84653640456877,123.89608492883544,ZZ0000000008:XETR:EUR,DEMO
2024-01-10 12:55:00+00:00,2024-01-10 12:50:00+00:00,2024-01-10,2024-01-10 08:00:00+00:00,2024-01-10 16:30:00+00:00,123.8713106667021,123.99250059768086,124.02969834786016,123.83414927350209,24610,123.96770209756133,124.01729909780039,ZZ0000000008:XETR:EUR,DEMO
2024-01-10 13:00:00+00:00,2024-01-10 12:55:00+00:00,2024-01-10,2024-01-10 08:00:00+00:00,2024-01-10 16:30:00+00:00,123.99250059768086,124.06293541645101,124.10015429707595,123.95530284750156,17829,124.03812282936772,124.0877480035343,ZZ0000000008:XETR:EUR,DEMO
2024-01-10 13:05:00+00:00,2024-01-10 13:00:00+00:00,2024-01-10,2024-01-10 08:00:00+00:00,2024-01-10 16:30:00+00:00,124.06293541645101,124.03550815108886,124.10015429707595,123.99829749864354,25458,124.01070104945865,124.06031525271908,ZZ0000000008:XETR:EUR,DEMO
2024-01-10 13:10:00+00:00,2024-01-10 13:05:00+00:00,2024-01-10,2024-01-10 08:00:00+00:00,2024-01-10 16:30:00+00:00,124.03550815108886,123.94828429846436,124.07271880353419,123.91109981317483,16585,123.92349464160466,123.97307395532405,ZZ0000000008:XETR:EUR,DEMO
2024-01-10 13:15:00+00:00,2024-01-10 13:10:00+00:00,2024-01-10,2024-01-10 08:00:00+00:00,2024-01-10 16:30:00+00:00,123.94828429846436,124.07460809047936,124.1118304729065,123.91109981317483,15418,124.04979316886127,124.09942301209745,ZZ0000000008:XETR:EUR,DEMO
2024-01-10 13:20:00+00:00,2024-01-10 13:15:00+00:00,2024-01-10,2024-01-10 08:00:00+00:00,2024-01-10 16:30:00+00:00,124.07460809047936,124.1527352237489,124.18998104431603,124.03738570805221,19020,124.12790467670416,124.17756577079365,ZZ0000000008:XETR:EUR,DEMO
2024-01-10 13:25:00+00:00,2024-01-10 13:20:00+00:00,2024-01-10,2024-01-10 08:00:00+00:00,2024-01-10 16:30:00+00:00,124.1527352237489,124.4331501539271,124.47048009897327,124.11548940318178,29386,124.40826352389632,124.45803678395788,ZZ0000000008:XETR:EUR,DEMO
2024-01-10 13:30:00+00:00,2024-01-10 13:25:00+00:00,2024-01-10,2024-01-10 08:00:00+00:00,2024-01-10 16:30:00+00:00,124.4331501539271,124.51855936773212,124.55591493554243,124.39582020888093,21358,124.49365565585857,124.54346307960567,ZZ0000000008:XETR:EUR,DEMO
2024-01-10 13:35:00+00:00,2024-01-10 13:30:00+00:00,2024-01-10,2024-01-10 08:00:00+00:00,2024-01-10 16:30:00+00:00,124.51855936773212,124.60078899227204,124.63816922896972,124.48120379992181,17673,124.5758688344736,124.62570915007049,ZZ0000000008:XETR:EUR,DEMO
2024-01-10 13:40:00+00:00,2024-01-10 13:35:00+00:00,2024-01-10,2024-01-10 08:00:00+00:00,2024-01-10 16:30:00+00:00,124.60078899227204,124.62776270621036,124.66515103502222,124.56340875557437,19236,124.60283715366913,124.6526882587516,ZZ0000000008:XETR:EUR,DEMO
2024-01-10 13:45:00+00:00,2024-01-10 13:40:00+00:00,2024-01-10,2024-01-10 08:00:00+00:00,2024-01-10 16:30:00+00:00,124.62776270621036,124.75287954424124,124.7903054081045,124.5903743773985,15824,124.72792896833239,124.77783012015009,ZZ0000000008:XETR:EUR,DEMO
2024-01-10 13:50:00+00:00,2024-01-10 13:45:00+00:00,2024-01-10,2024-01-10 08:00:00+00:00,2024-01-10 16:30:00+00:00,124.75287954424124,124.85897308211524,124.89643077403987,124.71545368037798,23175,124.83400128749882,124.88394487673166,ZZ0000000008:XETR:EUR,DEMO
2024-01-10 13:55:00+00:00,2024-01-10 13:50:00+00:00,2024-01-10,2024-01-10 08:00:00+00:00,2024-01-10 16:30:00+00:00,124.85897308211524,125.02781906386056,125.06532740957972,124.82151539019061,17008,125.0028135000478,125.05282462767333,ZZ0000000008:XETR:EUR,DEMO
2024-01-10 14:00:00+00:00,2024-01-10 13:55:00+00:00,2024-01-10,2024-01-10 08:00:00+00:00,2024-01-10 16:30:00+00:00,125.02781906386056,125.01943518760426,125.06532740957972,124.98192935704799,21087,124.99443130056675,125.04443907464177,ZZ0000000008:XETR:EUR,DEMO
2024-01-10 14:05:00+00:00,2024-01-10 14:00:00+00:00,2024-01-10,2024-01-10 08:00:00+00:00,2024-01-10 16:30:00+00:00,125.01943518760426,125.01964447301997,125.05715036636187,124.98192935704799,17396,124.99464054412536,125.04464840191457,ZZ0000000008:XETR:EUR,DEMO
2024-01-10 14:10:00+00:00,2024-01-10 14:05:00+00:00,2024-01-10,2024-01-10 08:00:00+00:00,2024-01-10 16:30:00+00:00,125.01964447301997,125.01548357135394,125.05715036636187,124.97797892628253,16414,124.99048047463967,125.04048666806821,ZZ0000000008:XETR:EUR,DEMO
2024-01-10 14:15:00+00:00,2024-01-10 14:10:00+00:00,2024-01-10,2024-01-10 08:00:00+00:00,2024-01-10 16:30:00+00:00,125.01548357135394,125.13838933452423,125.1759308513246,124.97797892628253,29404,125.11336165665733,125.16341701239114,ZZ0000000008:XETR:EUR,DEMO
2024-01-10 14:20:00+00:00,2024-01-10 14:15:00+00:00,2024-01-10,2024-01-10 08:00:00+00:00,2024-01-10 16:30:00+00:00,125.13838933452423,125.33234124991093,125.3699409522859,125.10084781772387,16914,125.30727478166095,125.3574077181609,ZZ0000000008:XETR:EUR,DEMO
2024-01-10 14:25:00+00:00,2024-01-10 14:20:00+00:00,2024-01-10,2024-01-10 08:00:00+00:00,2024-01-10 16:30:00+00:00,125.33234124991093,125.33020154500005,125.3699409522859,125.29260248453656,11410,125.30513550469105,125.35526758530905,ZZ0000000008:XETR:EUR,DEMO
2024-01-10 14:30:00+00:00,2024-01-10 14:25:00+00:00,2024-01-10,2024-01-10 08:00:00+00:00,2024-01-10 16:30:00+00:00,125.33020154500005,125.331477540504,125.36907698376615,125.29260248453656,17571,125.3064112449959,125.3565438360121,ZZ0000000008:XETR:EUR,DEMO
2024-01-10 14:35:00+00:00,2024-01-10 14:30:00+00:00,2024-01-10,2024-01-10 08:00:00+00:00,2024-01-10 16:30:00+00:00,125.331477540504,125.40685722685797,125.44447928402602,125.29387809724184,20642,125.3817758554126,125.43193859830333,ZZ0000000008:XETR:EUR,DEMO
2024-01-10 14:40:00+00:00,2024-01-10 14:35:00+00:00,2024-01-10,2024-01-10 08:00:00+00:00,2024-01-10 16:30:00+00:00,125.40685722685797,125.42609496042012,125.46372278890824,125.36923516968992,11892,125.40100974142804,125.45118017941219,ZZ0000000008:XETR:EUR,DEMO
2024-01-10 14:45:00+00:00,2024-01-10 14:40:00+00:00,2024-01-10,2024-01-10 08:00:00+00:00,2024-01-10 16:30:00+00:00,125.42609496042012,125.56560151755336,125.60327119800863,125.38846713193199,16113,125.54048839724986,125.59071463785686,ZZ0000000008:XETR:EUR,DEMO
2024-01-10 14:50:00+00:00,2024-01-10 14:45:00+00:00,2024-01-10,2024-01-10 08:00:00+00:00,2024-01-10 16:30:00+00:00,125.56560151755336,125.38348505797406,125.60327119800863,125.34587001245667,13321,125.35840836096246,125.40856175498566,ZZ0000000008:XETR:EUR,DEMO
2024-01-10 14:55:00+00:00,2024-01-10 14:50:00+00:00,2024-01-10,2024-01-10 08:00:00+00:00,2024-01-10 16:30:00+00:00,125.38348505797406,125.34445122700734,125.42110010349144,125.30684789163924,20012,125.31938233676195,125.36952011725273,ZZ0000000008:XETR:EUR,DEMO
2024-01-10 15:00:00+00:00,2024-01-10 14:55:00+00:00,2024-01-10,2024-01-10 08:00:00+00:00,2024-01-10 16:30:00+00:00,125.34445122700734,125.30986931949298,125.38205456237544,125.27227635869713,24462,125.28480734562908,125.33493129335687,ZZ0000000008:XETR:EUR,DEMO
2024-01-10 15:05:00+00:00,2024-01-10 15:00:00+00:00,2024-01-10,2024-01-10 08:00:00+00:00,2024-01-10 16:30:00+00:00,125.30986931949298,125.12125905285654,125.34746228028882,125.08372267514069,29369,125.09623480104598,125.14628330466711,ZZ0000000008:XETR:EUR,DEMO
2024-01-10 15:10:00+00:00,2024-01-10 15:05:00+00:00,2024-01-10,2024-01-10 08:00:00+00:00,2024-01-10 16:30:00+00:00,125.12125905285654,125.0686052512332,125.1587954305724,125.03108466965783,17781,125.04359153018295,125.09361897228344,ZZ0000000008:XETR:EUR,DEMO
2024-01-10 15:15:00+00:00,2024-01-10 15:10:00+00:00,2024-01-10,2024-01-10 08:00:00+00:00,2024-01-10 16:30:00+00:00,125.0686052512332,125.0208225539348,125.10612583280856,124.98331630716864,27265,124.99581838942402,125.0458267184456,ZZ0000000008:XETR:EUR,DEMO
2024-01-10 15:20:00+00:00,2024-01-10 15:15:00+00:00,2024-01-10,2024-01-10 08:00:00+00:00,2024-01-10 16:30:00+00:00,125.0208225539348,125.04446826219046,125.08198160266912,124.98331630716864,14290,125.01945936853802,125.0694771558429,ZZ0000000008:XETR:EUR,DEMO
2024-01-10 15:25:00+00:00,2024-01-10 15:20:00+00:00,2024-01-10,2024-01-10 08:00:00+00:00,2024-01-10 16:30:00+00:00,125.04446826219046,125.19966624034618,125.23722614021827,125.00695492171181,25609,125.17462630709811,125.22470617359424,ZZ0000000008:XETR:EUR,DEMO
2024-01-10 15:30:00+00:00,2024-01-10 15:25:00+00:00,2024-01-10,2024-01-10 08:00:00+00:00,2024-01-10 16:30:00+00:00,125.19966624034618,125.21894239789853,125.25650808061789,125.16210634047408,21253,125.19389860941895,125.24398618637811,ZZ0000000008:XETR:EUR,DEMO
2024-01-10 15:35:00+00:00,2024-01-10 15:30:00+00:00,2024-01-10,2024-01-10 08:00:00+00:00,2024-01-10 16:30:00+00:00,125.21894239789853,125.15952120792701,125.25650808061789,125.12197335156463,25163,125.13448930368543,125.1845531121686,ZZ0000000008:XETR:EUR,DEMO
2024-01-10 15:40:00+00:00,2024-01-10 15:35:00+00:00,2024-01-10,2024-01-10 08:00:00+00:00,2024-01-10 16:30:00+00:00,125.15952120792701,125.19763011843747,125.235189407473,125.12197335156463,25110,125.17259059241378,125.22266964446116,ZZ0000000008:XETR:EUR,DEMO
2024-01-10 15:45:00+00:00,2024-01-10 15:40:00+00:00,2024-01-10,2024-01-10 08:00:00+00:00,2024-01-10 16:30:00+00:00,125.19763011843747,125.3466211125984,125.38422509893218,125.16007082940195,20648,125.32155178837588,125.37169043682091,ZZ0000000008:XETR:EUR,DEMO
2024-01-10 15:50:00+00:00,2024-01-10 15:45:00+00:00,2024-01-10,2024-01-10 08:00:00+00:00,2024-01-10 16:30:00+00:00,125.3466211125984,125.29263754603748,125.38422509893218,125.25504975477368,15148,125.26757901852828,125.31769607354668,ZZ0000000008:XETR:EUR,DEMO
2024-01-10 15:55:00+00:00,2024-01-10 15:50:00+00:00,2024-01-10,2024-01-10 08:00:00+00:00,2024-01-10 16:30:00+00:00,125.29263754603748,125.24522827788633,125.33022533730129,125.20765470940296,20523,125.22017923223075,125.2702773235419,ZZ0000000008:XETR:EUR,DEMO
2024-01-10 16:00:00+00:00,2024-01-10 15:55:00+00:00,2024-01-10,2024-01-10 08:00:00+00:00,2024-01-10 16:30:00+00:00,125.24522827788633,125.3450683542694,125.38267187477568,125.20765470940296,26535,125.31999934059856,125.37013736794025,ZZ0000000008:XETR:EUR,DEMO
2024-01-10 16:05:00+00:00,2024-01-10 16:00:00+00:00,2024-01-10,2024-01-10 08:00:00+00:00,2024-01-10 16:30:00+00:00,125.3450683542694,125.36672623141185,125.40433624928127,125.30746483376312,29413,125.34165288616556,125.39179957665813,ZZ0000000008:XETR:EUR,DEMO
2024-01-10 16:10:00+00:00,2024-01-10 16:05:00+00:00,2024-01-10,2024-01-10 08:00:00+00:00,2024-01-10 16:30:00+00:00,125.36672623141185,125.4755902538444,125.51323293092055,125.32911621354242,28550,125.45049513579363,125.50068537189517,ZZ0000000008:XETR:EUR,DEMO
2024-01-10 16:15:00+00:00,2024-01-10 16:10:00+00:00,2024-01-10,2024-01-10 08:00:00+00:00,2024-01-10 16:30:00+00:00,125.4755902538444,125.51814405324681,125.55579949646278,125.43794757676825,13629,125.49304042443617,125.54324768205745,ZZ0000000008:XETR:EUR,DEMO
2024-01-10 16:20:00+00:00,2024-01-10 16:15:00+00:00,2024-01-10,2024-01-10 08:00:00+00:00,2024-01-10 16:30:00+00:00,125.51814405324681,125.63258475750732,125.67027453293457,125.48048861003085,21947,125.60745824055581,125.65771127445882,ZZ0000000008:XETR:EUR,DEMO
2024-01-10 16:25:00+00:00,2024-01-10 16:20:00+00:00,2024-01-10,2024-01-10 08:00:00+00:00,2024-01-10 16:30:00+00:00,125.63258475750732,125.57253888504142,125.67027453293457,125.53486712337592,12091,125.54742437726442,125.59765339281843,ZZ0000000008:XETR:EUR,DEMO
2024-01-10 16:30:00+00:00,2024-01-10 16:25:00+00:00,2024-01-10,2024-01-10 08:00:00+00:00,2024-01-10 16:30:00+00:00,125.57253888504142,125.61528254653768,125.65296713130164,125.53486712337592,23378,125.59015949002838,125.64040560304699,ZZ0000000008:XETR:EUR,DEMO
2024-01-11 08:05:00+00:00,2024-01-11 08:00:00+00:00,2024-01-11,2024-01-11 08:00:00+00:00,2024-01-11 16:30:00+00:00,125.61528254653768,125.63807725484625,125.6757686780227,125.57759796177373,29846,125.61294963939528,125.66320487029722,ZZ0000000008:XETR:EUR,DEMO
2024-01-11 08:10:00+00:00,2024-01-11 08:05:00+00:00,2024-01-11,2024-01-11 08:00:00+00:00,2024-01-11 16:30:00+00:00,125.63807725484625,125.5598651779563,125.6757686780227,125.52219721840291,11051,125.5347532049207,125.58497715099189,ZZ0000000008:XETR:EUR,DEMO
2024-01-11 08:15:00+00:00,2024-01-11 08:10:00+00:00,2024-01-11,2024-01-11 08:00:00+00:00,2024-01-11 16:30:00+00:00,125.5598651779563,125.44681399139554,125.59753313750969,125.40917994719813,23131,125.42172462859726,125.47190335419383,ZZ0000000008:XETR:EUR,DEMO
2024-01-11 08:20:00+00:00,2024-01-11 08:15:00+00:00,2024-01-11,2024-01-11 08:00:00+00:00,2024-01-11 16:30:00+00:00,125.44681399139554,125.5595910647376,125.59725894205702,125.40917994719813,28910,125.53447914652466,125.58470298295055,ZZ0000000008:XETR:EUR,DEMO
2024-01-11 08:25:00+00:00,2024-01-11 08:20:00+00:00,2024-01-11,2024-01-11 08:00:00+00:00,2024-01-11 16:30:00+00:00,125.5595910647376,125.56828487250253,125.60595535796428,125.52192318741818,26943,125.54317121552803,125.59339852947703,ZZ0000000008:XETR:EUR,DEMO
2024-01-11 08:30:00+00:00,2024-01-11 08:25:00+00:00,2024-01-11,2024-01-11 08:00:00+00:00,2024-01-11 16:30:00+00:00,125.56828487250253,125.50955472567142,125.60595535796428,125.47190185925372,17849,125.4844528147263,125.53465663661655,ZZ0000000008:XETR:EUR,DEMO
2024-01-11 08:35:00+00:00,2024-01-11 08:30:00+00:00,2024-01-11,2024-01-11 08:00:00+00:00,2024-01-11 16:30:00+00:00,125.50955472567142,125.54383064881245,125.58149379800709,125.47190185925372,12078,125.51872188268268,125.56893941494221,ZZ0000000008:XETR:EUR,DEMO
2024-01-11 08:40:00+00:00,2024-01-11 08:35:00+00:00,2024-01-11,2024-01-11 08:00:00+00:00,2024-01-11 16:30:00+00:00,125.54383064881245,125.7011621378562,125.73887248649756,125.5061674996178,28478,125.67602190542863,125.72630237028378,ZZ0000000008:XETR:EUR,DEMO
2024-01-11 08:45:00+00:00,2024-01-11 08:40:00+00:00,2024-01-11,2024-01-11 08:00:00+00:00,2024-01-11 16:30:00+00:00,125.7011621378562,125.51594102263847,125.73887248649756,125.47828624033168,28426,125.49083783443395,125.541044210843,ZZ0000000008:XETR:EUR,DEMO
2024-01-11 08:50:00+00:00,2024-01-11 08:45:00+00:00,2024-01-11,2024-01-11 08:00:00+00:00,2024-01-11 16:30:00+00:00,125.51594102263847,125.40963503464313,125.55359580494526,125.37201214413274,21579,125.38455310763621,125.43471696165005,ZZ0000000008:XETR:EUR,DEMO
2024-01-11 08:55:00+00:00,2024-01-11 08:50:00+00:00,2024-01-11,2024-01-11 08:00:00+00:00,2024-01-11 16:30:00+00:00,125.40963503464313,125.36094677907947,125.44725792515352,125.32333849504575,29577,125.33587458972366,125.38601896843528,ZZ0000000008:XETR:EUR,DEMO
2024-01-11 09:00:00+00:00,2024-01-11 08:55:00+00:00,2024-01-11,2024-01-11 08:00:00+00:00,2024-01-11 16:30:00+00:00,125.36094677907947,125.55150761226108,125.58917306454475,125.32333849504575,10092,125.52639731073863,125.57661791378352,ZZ0000000008:XETR:EUR,DEMO
2024-01-11 09:05:00+00:00,2024-01-11 09:00:00+00:00,2024-01-11,2024-01-11 08:00:00+00:00,2024-01-11 16:30:00+00:00,125.55150761226108,125.62385485383709,125.66154201029323,125.5138421599774,22332,125.59873008286633,125.64897962480785,ZZ0000000008:XETR:EUR,DEMO
2024-01-11 09:10:00+00:00,2024-01-11 09:05:00+00:00,2024-01-11,2024-01-11 08:00:00+00:00,2024-01-11 16:30:00+00:00,125.62385485383709,125.74499625467077,125.78271975354717,125.58616769738094,10770,125.71984725541984,125.7701452539217,ZZ0000000008:XETR:EUR,DEMO
2024-01-11 09:15:00+00:00,2024-01-11 09:10:00+00:00,2024-01-11,2024-01-11 08:00:00+00:00,2024-01-11 16:30:00+00:00,125.74499625467077,125.67433124223354,125.78271975354717,125.63662894286087,28713,125.64919637598508,125.69946610848199,ZZ0000000008:XETR:EUR,DEMO
2024-01-11 09:20:00+00:00,2024-01-11 09:15:00+00:00,2024-01-11,2024-01-11 08:00:00+00:00,2024-01-11 16:30:00+00:00,125.67433124223354,125.6057784241205,125.7120335416062,125.56809669059326,23608,125.58065726843569,125.63089957980532,ZZ0000000008:XETR:EUR,DEMO
2024-01-11 09:25:00+00:00,2024-01-11 09:20:00+00:00,2024-01-11,2024-01-11 08:00:00+00:00,2024-01-11 16:30:00+00:00,125.6057784241205,125.69477034954022,125.73247878064508,125.56809669059326,28268,125.66963139547032,125.71990930361012,ZZ0000000008:XETR:EUR,DEMO
2024-01-11 09:30:00+00:00,2024-01-11 09:25:00+00:00,2024-01-11,2024-01-11 08:00:00+00:00,2024-01-11 16:30:00+00:00,125.69477034954022,125.74463322971869,125.7823566196876,125.65706191843536,21253,125.71948430307275,125.76978215636463,ZZ0000000008:XETR:EUR,DEMO
2024-01-11 09:35:00+00:00,2024-01-11 09:30:00+00:00,2024-01-11,2024-01-11 08:00:00+00:00,2024-01-11 16:30:00+00:00,125.74463322971869,125.84388376930798,125.88163693443877,125.70690983974977,11665,125.81871499255412,125.86905254606184,ZZ0000000008:XETR:EUR,DEMO
2024-01-11 09:40:00+00:00,2024-01-11 09:35:00+00:00,2024-01-11,2024-01-11 08:00:00+00:00,2024-01-11 16:30:00+00:00,125.84388376930798,125.86903784513521,125.90679855648875,125.80613060417718,10530,125.84386403756619,125.89421165270423,ZZ0000000008:XETR:EUR,DEMO
2024-01-11 09:45:00+00:00,2024-01-11 09:40:00+00:00,2024-01-11,2024-01-11 08:00:00+00:00,2024-01-11 16:30:00+00:00,125.86903784513521,125.94112038716491,125.97890272328107,125.83127713378167,16711,125.91593216308749,125.96630861124234,ZZ0000000008:XETR:EUR,DEMO
2024-01-11 09:50:00+00:00,2024-01-11 09:45:00+00:00,2024-01-11,2024-01-11 08:00:00+00:00,2024-01-11 16:30:00+00:00,125.94112038716491,126.001145034661,126.03894537817139,125.90333805104876,24869,125.97594480565407,126.02634526366792,ZZ0000000008:XETR:EUR,DEMO
2024-01-11 09:55:00+00:00,2024-01-11 09:50:00+00:00,2024-01-11,2024-01-11 08:00:00+00:00,2024-01-11 16:30:00+00:00,126.001145034661,126.1237046681361,126.16154177953653,125.9633446911506,13020,126.09847992720248,126.14892940906972,ZZ0000000008:XETR:EUR,DEMO
2024-01-11 10:00:00+00:00,2024-01-11 09:55:00+00:00,2024-01-11,2024-01-11 08:00:00+00:00,2024-01-11 16:30:00+00:00,126.1237046681361,126.24933679385413,126.28721159489228,126.08586755673566,27042,126.22408692649536,126.2745866612129,ZZ0000000008:XETR:EUR,DEMO
2024-01-11 10:05:00+00:00,2024-01-11 10:00:00+00:00,2024-01-11,2024-01-11 08:00:00+00:00,2024-01-11 16:30:00+00:00,126.24933679385413,126.12997431098812,126.28721159489228,126.09213531869483,14789,126.10474831612592,126.15520030585031,ZZ0000000008:XETR:EUR,DEMO
2024-01-11 10:10:00+00:00,2024-01-11 10:05:00+00:00,2024-01-11,2024-01-11 08:00:00+00:00,2024-01-11 16:30:00+00:00,126.12997431098812,125.94749359289501,126.1678133032814,125.90970934481714,19928,125.92230409417644,125.97268309161359,ZZ0000000008:XETR:EUR,DEMO
2024-01-11 10:15:00+00:00,2024-01-11 10:10:00+00:00,2024-01-11,2024-01-11 08:00:00+00:00,2024-01-11 16:30:00+00:00,125.94749359289501,126.09259259049028,126.13042036826742,125.90970934481714,14061,126.06737407197218,126.11781110900839,ZZ0000000008:XETR:EUR,DEMO
2024-01-11 10:20:00+00:00,2024-01-11 10:15:00+00:00,2024-01-11,2024-01-11 08:00:00+00:00,2024-01-11 16:30:00+00:00,126.09259259049028,126.25664229089809,126.29451928358534,126.05476481271315,19315,126.2313909624399,126.28189361935627,ZZ0000000008:XETR:EUR,DEMO
2024-01-11 10:25:00+00:00,2024-01-11 10:20:00+00:00,2024-01-11,2024-01-11 08:00:00+00:00,2024-01-11 16:30:00+00:00,126.25664229089809,126.19775750320703,126.29451928358534,126.15989817595607,19043,126.1725179517064,126.22299705470766,ZZ0000000008:XETR:EUR,DEMO
2024-01-11 10:30:00+00:00,2024-01-11 10:25:00+00:00,2024-01-11,2024-01-11 08:00:00+00:00,2024-01-11 16:30:00+00:00,126.19775750320703,126.0542427381655,126.23561683045799,126.01642646534405,10109,126.02903188961787,126.07945358671313,ZZ0000000008:XETR:EUR,DEMO
2024-01-11 10:35:00+00:00,2024-01-11 10:30:00+00:00,2024-01-11,2024-01-11 08:00:00+00:00,2024-01-11 16:30:00+00:00,126.0542427381655,126.10836034417842,126.14619285228167,126.01642646534405,21356,126.08313867210958,126.13358201624726,ZZ0000000008:XETR:EUR,DEMO
2024-01-11 10:40:00+00:00,2024-01-11 10:35:00+00:00,2024-01-11,2024-01-11 08:00:00+00:00,2024-01-11 16:30:00+00:00,126.10836034417842,126.24648304190964,126.2843569868222,126.07052783607517,25732,126.22123374530126,126.27173233851802,ZZ0000000008:XETR:EUR,DEMO
2024-01-11 10:45:00+00:00,2024-01-11 10:40:00+00:00,2024-01-11,2024-01-11 08:00:00+00:00,2024-01-11 16:30:00+00:00,126.24648304190964,126.47242323896897,126.51036496594065,126.20860909699708,28725,126.44712875432118,126.49771772361676,ZZ0000000008:XETR:EUR,DEMO
2024-01-11 10:50:00+00:00,2024-01-11 10:45:00+00:00,2024-01-11,2024-01-11 08:00:00+00:00,2024-01-11 16:30:00+00:00,126.47242323896897,126.5689633383484,126.6069340273499,126.43448151199729,16614,126.54364954568074,126.59427713101606,ZZ0000000008:XETR:EUR,DEMO
2024-01-11 10:55:00+00:00,2024-01-11 10:50:00+00:00,2024-01-11,2024-01-11 08:00:00+00:00,2024-01-11 16:30:00+00:00,126.5689633383484,126.57562441323635,126.61359710056033,126.5309926493469,27611,126.55030928835372,126.600939538119,ZZ0000000008:XETR:EUR,DEMO
2024-01-11 11:00:00+00:00,2024-01-11 10:55:00+00:00,2024-01-11,2024-01-11 08:00:00+00:00,2024-01-11 16:30:00+00:00,126.57562441323635,126.52949543651371,126.61359710056033,126.49153658788276,27575,126.50418953742641,126.55480133560101,ZZ0000000008:XETR:EUR,DEMO
2024-01-11 11:05:00+00:00,2024-01-11 11:00:00+00:00,2024-01-11,2024-01-11 08:00:00+00:00,2024-01-11 16:30:00+00:00,126.52949543651371,126.57494806275973,126.61292054717856,126.49153658788276,29767,126.54963307314718,126.60026305237228,ZZ0000000008:XETR:EUR,DEMO
2024-01-11 11:10:00+00:00,2024-01-11 11:05:00+00:00,2024-01-11,2024-01-11 08:00:00+00:00,2024-01-11 16:30:00+00:00,126.57494806275973,126.5889465371197,126.62692322108083,126.5369755783409,17461,126.56362874781227,126.61426432642712,ZZ0000000008:XETR:EUR,DEMO
2024-01-11 11:15:00+00:00,2024-01-11 11:10:00+00:00,2024-01-11,2024-01-11 08:00:00+00:00,2024-01-11 16:30:00+00:00,126.5889465371197,126.53046907784969,126.62692322108083,126.49250993712634,27017,126.50516298403411,126.55577517166526,ZZ0000000008:XETR:EUR,DEMO
2024-01-11 11:20:00+00:00,2024-01-11 11:15:00+00:00,2024-01-11,2024-01-11 08:00:00+00:00,2024-01-11 16:30:00+00:00,126.53046907784969,126.78238920493385,126.82042392169532,126.49250993712634,21301,126.75703272709286,126.80774568277484,ZZ0000000008:XETR:EUR,DEMO
2024-01-11 11:25:00+00:00,2024-01-11 11:20:00+00:00,2024-01-11,2024-01-11 08:00:00+00:00,2024-01-11 16:30:00+00:00,126.78238920493385,127.00802592006187,127.04612832783788,126.74435448817238,11165,126.98262431487785,127.03342752524588,ZZ0000000008:XETR:EUR,DEMO
2024-01-11 11:30:00+00:00,2024-01-11 11:25:00+00:00,2024-01-11,2024-01-11 08:00:00+00:00,2024-01-11 16:30:00+00:00,127.00802592006187,127.16800924514529,127.20615964791882,126.96992351228586,15406,127.14257564329625,127.19344284699432,ZZ0000000008:XETR:EUR,DEMO
2024-01-11 11:35:00+00:00,2024-01-11 11:30:00+00:00,2024-01-11,2024-01-11 08:00:00+00:00,2024-01-11 16:30:00+00:00,127.16800924514529,127.11884538482067,127.20615964791882,127.08070973120523,23441,127.09342161574371,127.14426915389764,ZZ0000000008:XETR:EUR,DEMO
2024-01-11 11:40:00+00:00,2024-01-11 11:35:00+00:00,2024-01-11,2024-01-11 08:00:00+00:00,2024-01-11 16:30:00+00:00,127.11884538482067,127.2503562165335,127.28853132339846,127.08070973120523,13211,127.2249061452902,127.2758062877768,ZZ0000000008:XETR:EUR,DEMO
2024-01-11 11:45:00+00:00,2024-01-11 11:40:00+00:00,2024-01-11,2024-01-11 08:00:00+00:00,2024-01-11 16:30:00+00:00,127.2503562165335,127.36005524907472,127.39826326564943,127.21218110966855,18694,127.3345832380249,127.38552726012453,ZZ0000000008:XETR:EUR,DEMO
2024-01-11 11:50:00+00:00,2024-01-11 11:45:00+00:00,2024-01-11,2024-01-11 08:00:00+00:00,2024-01-11 16:30:00+00:00,127.36005524907472,127.44975294805296,127.48798787393737,127.3218472325,25498,127.42426299746336,127.47524289864256,ZZ0000000008:XETR:EUR,DEMO
2024-01-11 11:55:00+00:00,2024-01-11 11:50:00+00:00,2024-01-11,2024-01-11 08:00:00+00:00,2024-01-11 16:30:00+00:00,127.44975294805296,127.62189212999304,127.66017869763203,127.41151802216855,12995,127.59636775156704,127.64741650841904,ZZ0000000008:XETR:EUR,DEMO
2024-01-11 12:00:00+00:00,2024-01-11 11:55:00+00:00,2024-01-11,2024-01-11 08:00:00+00:00,2024-01-11 16:30:00+00:00,127.62189212999304,127.73147662749464,127.76979607048288,127.58360556235405,19931,127.70593033216915,127.75702292282014,ZZ0000000008:XETR:EUR,DEMO
2024-01-11 12:05:00+00:00,2024-01-11 12:00:00+00:00,2024-01-11,2024-01-11 08:00:00+00:00,2024-01-11 16:30:00+00:00,127.73147662749464,127.85185782454435,127.89021338189171,127.6931571845064,14297,127.82628745297944,127.87742819610926,ZZ0000000008:XETR:EUR,DEMO
2024-01-11 12:10:00+00:00,2024-01-11 12:05:00+00:00,2024-01-11,2024-01-11 08:00:00+00:00,2024-01-11 16:30:00+00:00,127.85185782454435,127.96179693699521,128.0001854760763,127.813502267197,20729,127.93620457760781,127.98738929638262,ZZ0000000008:XETR:EUR,DEMO
2024-01-11 12:15:00+00:00,2024-01-11 12:10:00+00:00,2024-01-11,2024-01-11 08:00:00+00:00,2024-01-11 16:30:00+00:00,127.96179693699521,128.04149499943424,128.07990744793406,127.92340839791412,14814,128.01588670043435,128.06710329843412,ZZ0000000008:XETR:EUR,DEMO
2024-01-11 12:20:00+00:00,2024-01-11 12:15:00+00:00,2024-01-11,2024-01-11 08:00:00+00:00,2024-01-11 16:30:00+00:00,128.04149499943424,127.90368275180548,128.07990744793406,127.86531164697993,29308,127.87810201525512,127.92926348835583,ZZ0000000008:XETR:EUR,DEMO
2024-01-11 12:25:00+00:00,2024-01-11 12:20:00+00:00,2024-01-11,2024-01-11 08:00:00+00:00,2024-01-11 16:30:00+00:00,127.90368275180548,127.95701651234003,127.99540361729373,127.86531164697993,11534,127.93142510903756,127.9826079156425,ZZ0000000008:XETR:EUR,DEMO
2024-01-11 12:30:00+00:00,2024-01-11 12:25:00+00:00,2024-01-11,2024-01-11 08:00:00+00:00,2024-01-11 16:30:00+00:00,127.95701651234003,127.94486711401285,127.99540361729373,127.90648365387865,29271,127.91927814059005,127.97045608743565,ZZ0000000008:XETR:EUR,DEMO
2024-01-11 12:35:00+00:00,2024-01-11 12:30:00+00:00,2024-01-11,2024-01-11 08:00:00+00:00,2024-01-11 16:30:00+00:00,127.94486711401285,127.85867759614689,127.98325057414705,127.82031999286805,25837,127.83310586062767,127.88424933166611,ZZ0000000008:XETR:EUR,DEMO
2024-01-11 12:40:00+00:00,2024-01-11 12:35:00+00:00,2024-01-11,2024-01-11 08:00:00+00:00,2024-01-11 16:30:00+00:00,127.85867759614689,128.07563988516927,128.1140625771348,127.82031999286805,27112,128.05002475719223,128.1012550131463,ZZ0000000008:XETR:EUR,DEMO
2024-01-11 12:45:00+00:00,2024-01-11 12:40:00+00:00,2024-01-11,2024-01-11 08:00:00+00:00,2024-01-11 16:30:00+00:00,128.07563988516927,128.29781258567456,128.33630192945026,128.03721719320373,27030,128.27215302315744,128.32347214819168,ZZ0000000008:XETR:EUR,DEMO
2024-01-11 12:50:00+00:00,2024-01-11 12:45:00+00:00,2024-01-11,2024-01-11 08:00:00+00:00,2024-01-11 16:30:00+00:00,128.29781258567456,128.48235744239605,128.52090214962877,128.25932324189887,13752,128.45666097090756,128.50805391388454,ZZ0000000008:XETR:EUR,DEMO
2024-01-11 12:55:00+00:00,2024-01-11 12:50:00+00:00,2024-01-11,2024-01-11 08:00:00+00:00,2024-01-11 16:30:00+00:00,128.48235744239605,128.5535783371048,128.59214441060593,128.44381273516333,28621,128.52786762143737,128.57928905277222,ZZ0000000008:XETR:EUR,DEMO
2024-01-11 13:00:00+00:00,2024-01-11 12:55:00+00:00,2024-01-11,2024-01-11 08:00:00+00:00,2024-01-11 16:30:00+00:00,128.5535783371048,128.73760583765204,128.77622711940333,128.51501226360367,21885,128.71185831648452,128.76335335881956,ZZ0000000008:XETR:EUR,DEMO
2024-01-11 13:05:00+00:00,2024-01-11 13:00:00+00:00,2024-01-11,2024-01-11 08:00:00+00:00,2024-01-11 16:30:00+00:00,128.73760583765204,128.7839136844227,128.82254885852802,128.69898455590075,29243,128.75815690168582,128.8096704671596,ZZ0000000008:XETR:EUR,DEMO
2024-01-11 13:10:00+00:00,2024-01-11 13:05:00+00:00,2024-01-11,2024-01-11 08:00:00+00:00,2024-01-11 16:30:00+00:00,128.7839136844227,128.84989857435036,128.88855354392265,128.7452785103174,27562,128.82412859463548,128.87566855406524,ZZ0000000008:XETR:EUR,DEMO
2024-01-11 13:15:00+00:00,2024-01-11 13:10:00+00:00,2024-01-11,2024-01-11 08:00:00+00:00,2024-01-11 16:30:00+00:00,128.84989857435036,128.78229883765712,128.88855354392265,128.74366414800582,21592,128.7565423778896,128.80805529742466,ZZ0000000008:XETR:EUR,DEMO
2024-01-11 13:20:00+00:00,2024-01-11 13:15:00+00:00,2024-01-11,2024-01-11 08:00:00+00:00,2024-01-11 16:30:00+00:00,128.78229883765712,128.86830170876493,128.90696219927756,128.74366414800582,17489,128.8425280484232,128.89407536910667,ZZ0000000008:XETR:EUR,DEMO
2024-01-11 13:25:00+00:00,2024-01-11 13:20:00+00:00,2024-01-11,2024-01-11 08:00:00+00:00,2024-01-11 16:30:00+00:00,128.86830170876493,128.91964130382357,128.95831719621472,128.8296412182523,12345,128.89385737556282,128.94542523208432,ZZ0000000008:XETR:EUR,DEMO
2024-01-11 13:30:00+00:00,2024-01-11 13:25:00+00:00,2024-01-11,2024-01-11 08:00:00+00:00,2024-01-11 16:30:00+00:00,128.91964130382357,128.83044409458557,128.95831719621472,128.7917949613572,12022,128.80467800576665,128.8562101834045,ZZ0000000008:XETR:EUR,DEMO
2024-01-11 13:35:00+00:00,2024-01-11 13:30:00+00:00,2024-01-11,2024-01-11 08:00:00+00:00,2024-01-11 16:30:00+00:00,128.83044409458557,128.8702643054454,128.90892538473705,128.7917949613572,17794,128.8444902525843,128.8960383583065,ZZ0000000008:XETR:EUR,DEMO
2024-01-11 13:40:00+00:00,2024-01-11 13:35:00+00:00,2024-01-11,2024-01-11 08:00:00+00:00,2024-01-11 16:30:00+00:00,128.8702643054454,128.90715436099524,128.94582650730354,128.83160322615376,26219,128.88137293012304,128.93293579186744,ZZ0000000008:XETR:EUR,DEMO
2024-01-11 13:45:00+00:00,2024-01-11 13:40:00+00:00,2024-01-11,2024-01-11 08:00:00+00:00,2024-01-11 16:30:00+00:00,128.90715436099524,129.13785284947608,129.1765942053309,128.86848221468694,20106,129.11202527890617,129.16368042004598,ZZ0000000008:XETR:EUR,DEMO
2024-01-11 13:50:00+00:00,2024-01-11 13:45:00+00:00,2024-01-11,2024-01-11 08:00:00+00:00,2024-01-11 16:30:00+00:00,129.13785284947608,129.2755058420704,129.31428849382303,129.09911149362125,19635,129.24965074090198,129.30136094323882,ZZ0000000008:XETR:EUR,DEMO
2024-01-11 13:55:00+00:00,2024-01-11 13:50:00+00:00,2024-01-11,2024-01-11 08:00:00+00:00,2024-01-11 16:30:00+00:00,129.2755058420704,129.32194429989198,129.36074088318193,129.23672319031778,14889,129.296079911032,129.34780868875197,ZZ0000000008:XETR:EUR,DEMO
2024-01-11 14:00:00+00:00,2024-01-11 13:55:00+00:00,2024-01-11,2024-01-11 08:00:00+00:00,2024-01-11 16:30:00+00:00,129.32194429989198,129.39296540186183,129.4317832914824,129.28314771660203,21287,129.36708680878147,129.4188439949422,ZZ0000000008:XETR:EUR,DEMO
2024-01-11 14:05:00+00:00,2024-01-11 14:00:00+00:00,2024-01-11,2024-01-11 08:00:00+00:00,2024-01-11 16:30:00+00:00,129.39296540186183,129.44283916562728,129.48167201737695,129.35414751224127,22761,129.41695059779414,129.4687277334604,ZZ0000000008:XETR:EUR,DEMO
2024-01-11 14:10:00+00:00,2024-01-11 14:05:00+00:00,2024-01-11,2024-01-11 08:00:00+00:00,2024-01-11 16:30:00+00:00,129.44283916562728,129.4671338291006,129.5059739692493,129.4040063138776,29642,129.44124040233478,129.4930272558664,ZZ0000000008:XETR:EUR,DEMO
2024-01-11 14:15:00+00:00,2024-01-11 14:10:00+00:00,2024-01-11,2024-01-11 08:00:00+00:00,2024-01-11 16:30:00+00:00,129.4671338291006,129.40035355732795,129.5059739692493,129.36153345126075,24588,129.3744734866165,129.4262336280394,ZZ0000000008:XETR:EUR,DEMO
2024-01-11 14:20:00+00:00,2024-01-11 14:15:00+00:00,2024-01-11,2024-01-11 08:00:00+00:00,2024-01-11 16:30:00+00:00,129.40035355732795,129.4300101458786,129.46883914892237,129.36153345126075,22144,129.40412414384943,129.4558961479078,ZZ0000000008:XETR:EUR,DEMO
2024-01-11 14:25:00+00:00,2024-01-11 14:20:00+00:00,2024-01-11,2024-01-11 08:00:00+00:00,2024-01-11 16:30:00+00:00,129.4300101458786,129.39806058948022,129.46883914892237,129.35924117130338,28201,129.37218097736232,129.42394020159813,ZZ0000000008:XETR:EUR,DEMO
2024-01-11 14:30:00+00:00,2024-01-11 14:25:00+00:00,2024-01-11,2024-01-11 08:00:00+00:00,2024-01-11 16:30:00+00:00,129.39806058948022,129.31394653664478,129.43688000765707,129.2751523526838,18499,129.28808374733745,129.3398093259521,ZZ0000000008:XETR:EUR,DEMO
2024-01-11 14:35:00+00:00,2024-01-11 14:30:00+00:00,2024-01-11,2024-01-11 08:00:00+00:00,2024-01-11 16:30:00+00:00,129.31394653664478,129.41213016111377,129.4509538001621,129.2751523526838,28698,129.38624773508155,129.43801258714598,ZZ0000000008:XETR:EUR,DEMO
2024-01-11 14:40:00+00:00,2024-01-11 14:35:00+00:00,2024-01-11,2024-01-11 08:00:00+00:00,2024-01-11 16:30:00+00:00,129.41213016111377,129.49796037122297,129.53680975933435,129.37330652206543,17399,129.47206077914873,129.5238599632972,ZZ0000000008:XETR:EUR,DEMO
2024-01-11 14:45:00+00:00,2024-01-11 14:40:00+00:00,2024-01-11,2024-01-11 08:00:00+00:00,2024-01-11 16:30:00+00:00,129.49796037122297,129.35826008198597,129.53680975933435,129.3194526039614,12555,129.33238842996957,129.38413173400238,ZZ0000000008:XETR:EUR,DEMO
2024-01-11 14:50:00+00:00,2024-01-11 14:45:00+00:00,2024-01-11,2024-01-11 08:00:00+00:00,2024-01-11 16:30:00+00:00,129.35826008198597,129.39084335893276,129.42966061194042,129.3194526039614,18352,129.36496519026096,129.41672152760455,ZZ0000000008:XETR:EUR,DEMO
2024-01-11 14:55:00+00:00,2024-01-11 14:50:00+00:00,2024-01-11,2024-01-11 08:00:00+00:00,2024-01-11 16:30:00+00:00,129.39084335893276,129.5392829490215,129.5781447339062,129.3520261059251,12575,129.5133750924317,129.5651908056113,ZZ0000000008:XETR:EUR,DEMO
2024-01-11 15:00:00+00:00,2024-01-11 14:55:00+00:00,2024-01-11,2024-01-11 08:00:00+00:00,2024-01-11 16:30:00+00:00,129.5392829490215,129.69448346332385,129.73339180836285,129.50042116413678,12367,129.6685445666312,129.7204223600165,ZZ0000000008:XETR:EUR,DEMO
2024-01-11 15:05:00+00:00,2024-01-11 15:00:00+00:00,2024-01-11,2024-01-11 08:00:00+00:00,2024-01-11 16:30:00+00:00,129.69448346332385,129.84640174179623,129.88535566231877,129.65557511828484,27624,129.82043246144787,129.8723710221446,ZZ0000000008:XETR:EUR,DEMO
2024-01-11 15:10:00+00:00,2024-01-11 15:05:00+00:00,2024-01-11,2024-01-11 08:00:00+00:00,2024-01-11 16:30:00+00:00,129.84640174179623,129.89589960629831,129.9348683761802,129.80744782127368,25895,129.86992042637706,129.92187878621957,ZZ0000000008:XETR:EUR,DEMO
2024-01-11 15:15:00+00:00,2024-01-11 15:10:00+00:00,2024-01-11,2024-01-11 08:00:00+00:00,2024-01-11 16:30:00+00:00,129.89589960629831,129.85355573588652,129.9348683761802,129.81459966916574,14424,129.82758502473934,129.8795264470337,ZZ0000000008:XETR:EUR,DEMO
2024-01-11 15:20:00+00:00,2024-01-11 15:15:00+00:00,2024-01-11,2024-01-11 08:00:00+00:00,2024-01-11 16:30:00+00:00,129.85355573588652,129.78644411200636,129.8925118026073,129.74750817877276,26754,129.76048682318395,129.81240140082878,ZZ0000000008:XETR:EUR,DEMO
2024-01-11 15:25:00+00:00,2024-01-11 15:20:00+00:00,2024-01-11,2024-01-11 08:00:00+00:00,2024-01-11 16:30:00+00:00,129.78644411200636,129.8676748133364,129.9066351157804,129.74750817877276,11378,129.84170127837373,129.89364834829908,ZZ0000000008:XETR:EUR,DEMO
2024-01-11 15:30:00+00:00,2024-01-11 15:25:00+00:00,2024-01-11,2024-01-11 08:00:00+00:00,2024-01-11 16:30:00+00:00,129.8676748133364,129.95256120283693,129.99154697119778,129.8287145108924,15687,129.92657069059638,129.9785517150775,ZZ0000000008:XETR:EUR,DEMO
2024-01-11 15:35:00+00:00,2024-01-11 15:30:00+00:00,2024-01-11,2024-01-11 08:00:00+00:00,2024-01-11 16:30:00+00:00,129.95256120283693,130.13200195283693,130.17104155342278,129.9135754344761,24122,130.10597555244635,130.1580283532275,ZZ0000000008:XETR:EUR,DEMO
2024-01-11 15:40:00+00:00,2024-01-11 15:35:00+00:00,2024-01-11,2024-01-11 08:00:00+00:00,2024-01-11 16:30:00+00:00,130.13200195283693,130.29216067284318,130.33124832104502,130.09296235225108,16075,130.26610224070862,130.31821910497774,ZZ0000000008:XETR:EUR,DEMO
2024-01-11 15:45:00+00:00,2024-01-11 15:40:00+00:00,2024-01-11,2024-01-11 08:00:00+00:00,2024-01-11 16:30:00+00:00,130.29216067284318,130.32398412894634,130.363081324185,130.25307302464134,24610,130.29791933212056,130.35004892577211,ZZ0000000008:XETR:EUR,DEMO
2024-01-11 15:50:00+00:00,2024-01-11 15:45:00+00:00,2024-01-11,2024-01-11 08:00:00+00:00,2024-01-11 16:30:00+00:00,130.32398412894634,130.23990476346924,130.363081324185,130.20083279204022,27486,130.21385678251656,130.26595274442192,ZZ0000000008:XETR:EUR,DEMO
2024-01-11 15:55:00+00:00,2024-01-11 15:50:00+00:00,2024-01-11,2024-01-11 08:00:00+00:00,2024-01-11 16:30:00+00:00,130.23990476346924,130.2522409840948,130.29131665639002,130.20083279204022,11321,130.22619053589798,130.27829143229164,ZZ0000000008:XETR:EUR,DEMO
2024-01-11 16:00:00+00:00,2024-01-11 15:55:00+00:00,2024-01-11,2024-01-11 08:00:00+00:00,2024-01-11 16:30:00+00:00,130.2522409840948,130.32048301890322,130.3595791638089,130.2131653117996,10479,130.29441892229943,130.346547115507,ZZ0000000008:XETR:EUR,DEMO
2024-01-11 16:05:00+00:00,2024-01-11 16:00:00+00:00,2024-01-11,2024-01-11 08:00:00+00:00,2024-01-11 16:30:00+00:00,130.32048301890322,130.3450290303849,130.384132539094,130.28138687399755,28800,130.31896002457881,130.37109803619097,ZZ0000000008:XETR:EUR,DEMO
2024-01-11 16:10:00+00:00,2024-01-11 16:05:00+00:00,2024-01-11,2024-01-11 08:00:00+00:00,2024-01-11 16:30:00+00:00,130.3450290303849,130.3303901132129,130.384132539094,130.29129099617893,20409,130.30432403519026,130.35645619123554,ZZ0000000008:XETR:EUR,DEMO
2024-01-11 16:15:00+00:00,2024-01-11 16:10:00+00:00,2024-01-11,2024-01-11 08:00:00+00:00,2024-01-11 16:30:00+00:00,130.3303901132129,130.40239249293305,130.4415132106809,130.29129099617893,20129,130.37631201443446,130.42847297143163,ZZ0000000008:XETR:EUR,DEMO
2024-01-11 16:20:00+00:00,2024-01-11 16:15:00+00:00,2024-01-11,2024-01-11 08:00:00+00:00,2024-01-11 16:30:00+00:00,130.40239249293305,130.39545967844663,130.4415132106809,130.3563410405431,19273,130.36938058651094,130.4215387703823,ZZ0000000008:XETR:EUR,DEMO
2024-01-11 16:25:00+00:00,2024-01-11 16:20:00+00:00,2024-01-11,2024-01-11 08:00:00+00:00,2024-01-11 16:30:00+00:00,130.39545967844663,130.37558203201803,130.43457831635016,130.33646935740842,18672,130.34950691561164,130.40165714842442,ZZ0000000008:XETR:EUR,DEMO
2024-01-11 16:30:00+00:00,2024-01-11 16:25:00+00:00,2024-01-11,2024-01-11 08:00:00+00:00,2024-01-11 16:30:00+00:00,130.37558203201803,130.45372156816072,130.49285768463116,130.33646935740842,23802,130.4276308238471,130.47981231247434,ZZ0000000008:XETR:EUR,DEMO
2024-01-12 08:05:00+00:00,2024-01-12 08:00:00+00:00,2024-01-12,2024-01-12 08:00:00+00:00,2024-01-12 16:30:00+00:00,130.45372156816072,130.4574272808449,130.49656450902916,130.41458545169027,21594,130.43133579538875,130.48351876630107,ZZ0000000008:XETR:EUR,DEMO
2024-01-12 08:10:00+00:00,2024-01-12 08:05:00+00:00,2024-01-12,2024-01-12 08:00:00+00:00,2024-01-12 16:30:00+00:00,130.4574272808449,130.52858296309952,130.56774153798844,130.41829005266067,13267,130.5024772465069,130.55468867969213,ZZ0000000008:XETR:EUR,DEMO
2024-01-12 08:15:00+00:00,2024-01-12 08:10:00+00:00,2024-01-12,2024-01-12 08:00:00+00:00,2024-01-12 16:30:00+00:00,130.52858296309952,130.60281781591038,130.64199866125514,130.4894243882106,22532,130.5766972523472,130.62893837947357,ZZ0000000008:XETR:EUR,DEMO
2024-01-12 08:20:00+00:00,2024-01-12 08:15:00+00:00,2024-01-12,2024-01-12 08:00:00+00:00,2024-01-12 16:30:00+00:00,130.60281781591038,130.5294992792405,130.64199866125514,130.49034042945672,23366,130.50339337938465,130.55560517909635,ZZ0000000008:XETR:EUR,DEMO
2024-01-12 08:25:00+00:00,2024-01-12 08:20:00+00:00,2024-01-12,2024-01-12 08:00:00+00:00,2024-01-12 16:30:00+00:00,130.5294992792405,130.5249317535596,130.56865812902427,130.48577427403353,12272,130.4988267672089,130.5510367399103,ZZ0000000008:XETR:EUR,DEMO
2024-01-12 08:30:00+00:00,2024-01-12 08:25:00+00:00,2024-01-12,2024-01-12 08:00:00+00:00,2024-01-12 16:30:00+00:00,130.5249317535596,130.72089502664977,130.76011129515777,130.48577427403353,17534,130.69475084764446,130.74703920565508,ZZ0000000008:XETR:EUR,DEMO
2024-01-12 08:35:00+00:00,2024-01-12 08:30:00+00:00,2024-01-12,2024-01-12 08:00:00+00:00,2024-01-12 16:30:00+00:00,130.72089502664977,130.64514283822632,130.76011129515777,130.60594929537487,25810,130.61901380965867,130.67127186679397,ZZ0000000008:XETR:EUR,DEMO
2024-01-12 08:40:00+00:00,2024-01-12 08:35:00+00:00,2024-01-12,2024-01-12 08:00:00+00:00,2024-01-12 16:30:00+00:00,130.64514283822632,130.4697619629637,130.68433638107777,130.4306210343748,22374,130.44366801057112,130.4958559153563,ZZ0000000008:XETR:EUR,DEMO
2024-01-12 08:45:00+00:00,2024-01-12 08:40:00+00:00,2024-01-12,2024-01-12 08:00:00+00:00,2024-01-12 16:30:00+00:00,130.4697619629637,130.32117945367386,130.5089028915526,130.28208309983776,12727,130.29511521778312,130.3472436895646,ZZ0000000008:XETR:EUR,DEMO
2024-01-12 08:50:00+00:00,2024-01-12 08:45:00+00:00,2024-01-12,2024-01-12 08:00:00+00:00,2024-01-12 16:30:00+00:00,130.32117945367386,130.36983586140053,130.40894681215894,130.28208309983776,10801,130.34376189422827,130.3959098285728,ZZ0000000008:XETR:EUR,DEMO
2024-01-12 08:55:00+00:00,2024-01-12 08:50:00+00:00,2024-01-12,2024-01-12 08:00:00+00:00,2024-01-12 16:30:00+00:00,130.36983586140053,130.4186990030861,130.45782461278702,130.33072491064212,21624,130.39261526328548,130.4447827428867,ZZ0000000008:XETR:EUR,DEMO
2024-01-12 09:00:00+00:00,2024-01-12 08:55:00+00:00,2024-01-12,2024-01-12 08:00:00+00:00,2024-01-12 16:30:00+00:00,130.4186990030861,130.45207889489845,130.49121451856692,130.37957339338516,19234,130.42598847911947,130.47816931067743,ZZ0000000008:XETR:EUR,DEMO
2024-01-12 09:05:00+00:00,2024-01-12 09:00:00+00:00,2024-01-12,2024-01-12 08:00:00+00:00,2024-01-12 16:30:00+00:00,130.45207889489845,130.62456592533016,130.66375329510777,130.41294327122998,29221,130.5984410121451,130.65069083851523,ZZ0000000008:XETR:EUR,DEMO
2024-01-12 09:10:00+00:00,2024-01-12 09:05:00+00:00,2024-01-12,2024-01-12 08:00:00+00:00,2024-01-12 16:30:00+00:00,130.62456592533016,130.39118299107076,130.66375329510777,130.35206563617345,20445,130.36510475447255,130.41726122766897,ZZ0000000008:XETR:EUR,DEMO
2024-01-12 09:15:00+00:00,2024-01-12 09:10:00+00:00,2024-01-12,2024-01-12 08:00:00+00:00,2024-01-12 16:30:00+00:00,130.39118299107076,130.47814992338945,130.51729336836647,130.35206563617345,28629,130.45205429340479,130.50424555337412,ZZ0000000008:XETR:EUR,DEMO
2024-01-12 09:20:00+00:00,2024-01-12 09:15:00+00:00,2024-01-12,2024-01-12 08:00:00+00:00,2024-01-12 16:30:00+00:00,130.47814992338945,130.6869710538082,130.72617714512435,130.43900647841244,14286,130.66083365959744,130.71310844801897,ZZ0000000008:XETR:EUR,DEMO
2024-01-12 09:25:00+00:00,2024-01-12 09:20:00+00:00,2024-01-12,2024-01-12 08:00:00+00:00,2024-01-12 16:30:00+00:00,130.6869710538082,130.61482241489642,130.72617714512435,130.57563796817195,18946,130.58869945041346,130.6409453793794,ZZ0000000008:XETR:EUR,DEMO
2024-01-12 09:30:00+00:00,2024-01-12 09:25:00+00:00,2024-01-12,2024-01-12 08:00:00+00:00,2024-01-12 16:30:00+00:00,130.61482241489642,130.6208510537943,130.66003730911044,130.57563796817195,12792,130.59472688358355,130.64697522400505,ZZ0000000008:XETR:EUR,DEMO
2024-01-12 09:35:00+00:00,2024-01-12 09:30:00+00:00,2024-01-12,2024-01-12 08:00:00+00:00,2024-01-12 16:30:00+00:00,130.6208510537943,130.58789780272963,130.66003730911044,130.5487214333888,21484,130.56178022316908,130.61401538229018,ZZ0000000008:XETR:EUR,DEMO
2024-01-12 09:40:00+00:00,2024-01-12 09:35:00+00:00,2024-01-12,2024-01-12 08:00:00+00:00,2024-01-12 16:30:00+00:00,130.58789780272963,130.54017967137523,130.62707417207045,130.50101761747382,13769,130.51407163544096,130.5662877073095,ZZ0000000008:XETR:EUR,DEMO
2024-01-12 09:45:00+00:00,2024-01-12 09:40:00+00:00,2024-01-12,2024-01-12 08:00:00+00:00,2024-01-12 16:30:00+00:00,130.54017967137523,130.55179701056386,130.590962549667,130.50101761747382,19845,130.52568665116175,130.57790736996597,ZZ0000000008:XETR:EUR,DEMO
2024-01-12 09:50:00+00:00,2024-01-12 09:45:00+00:00,2024-01-12,2024-01-12 08:00:00+00:00,2024-01-12 16:30:00+00:00,130.55179701056386,130.74672413303693,130.78594815027685,130.5126314714607,16882,130.72057478821034,130.77287347786353,ZZ0000000008:XETR:EUR,DEMO
2024-01-12 09:55:00+00:00,2024-01-12 09:50:00+00:00,2024-01-12,2024-01-12 08:00:00+00:00,2024-01-12 16:30:00+00:00,130.74672413303693,130.9848879700732,131.02418343646423,130.70750011579702,13714,130.95869099247918,131.01108494766723,ZZ0000000008:XETR:EUR,DEMO
2024-01-12 10:00:00+00:00,2024-01-12 09:55:00+00:00,2024-01-12,2024-01-12 08:00:00+00:00,2024-01-12 16:30:00+00:00,130.9848879700732,130.9955307438069,131.03482940303005,130.94559250368218,11936,130.96933163765814,131.02172984995568,ZZ0000000008:XETR:EUR,DEMO
2024-01-12 10:05:00+00:00,2024-01-12 10:00:00+00:00,2024-01-12,2024-01-12 08:00:00+00:00,2024-01-12 16:30:00+00:00,130.9955307438069,131.24125285425953,131.2806252301158,130.95623208458377,20241,131.21500460368867,131.2675011048304,ZZ0000000008:XETR:EUR,DEMO
2024-01-12 10:10:00+00:00,2024-01-12 10:05:00+00:00,2024-01-12,2024-01-12 08:00:00+00:00,2024-01-12 16:30:00+00:00,131.24125285425953,131.290931974104,131.33031925369625,131.20188047840327,28946,131.2646737877092,131.31719016049882,ZZ0000000008:XETR:EUR,DEMO
2024-01-12 10:15:00+00:00,2024-01-12 10:10:00+00:00,2024-01-12,2024-01-12 08:00:00+00:00,2024-01-12 16:30:00+00:00,131.290931974104,131.52128061989595,131.56073700408191,131.25154469451178,13974,131.49497636377197,131.54758487601993,ZZ0000000008:XETR:EUR,DEMO
2024-01-12 10:20:00+00:00,2024-01-12 10:15:00+00:00,2024-01-12,2024-01-12 08:00:00+00:00,2024-01-12 16:30:00+00:00,131.52128061989595,131.55750144848128,131.59696869891582,131.48182423570998,18099,131.53118994819158,131.58381294877097,ZZ0000000008:XETR:EUR,DEMO
2024-01-12 10:25:00+00:00,2024-01-12 10:20:00+00:00,2024-01-12,2024-01-12 08:00:00+00:00,2024-01-12 16:30:00+00:00,131.55750144848128,131.61735349680845,131.6568387028575,131.51803419804673,14492,131.59103002610908,131.64367696750782,ZZ0000000008:XETR:EUR,DEMO
2024-01-12 10:30:00+00:00,2024-01-12 10:25:00+00:00,2024-01-12,2024-01-12 08:00:00+00:00,2024-01-12 16:30:00+00:00,131.61735349680845,131.70192895868666,131.74143953737428,131.5778682907594,26179,131.67558857289492,131.7282693444784,ZZ0000000008:XETR:EUR,DEMO
2024-01-12 10:35:00+00:00,2024-01-12 10:30:00+00:00,2024-01-12,2024-01-12 08:00:00+00:00,2024-01-12 16:30:00+00:00,131.70192895868666,132.08350526278366,132.1231303143625,131.66241837999905,18298,132.05708856173112,132.1099219638362,ZZ0000000008:XETR:EUR,DEMO
2024-01-12 10:40:00+00:00,2024-01-12 10:35:00+00:00,2024-01-12,2024-01-12 08:00:00+00:00,2024-01-12 16:30:00+00:00,132.08350526278366,132.21975734360637,132.25942327080946,132.04388021120482,29488,132.19331339213767,132.24620129507508,ZZ0000000008:XETR:EUR,DEMO
2024-01-12 10:45:00+00:00,2024-01-12 10:40:00+00:00,2024-01-12,2024-01-12 08:00:00+00:00,2024-01-12 16:30:00+00:00,132.21975734360637,132.19122586187774,132.25942327080946,132.15156849411918,14903,132.16478761670535,132.21766410705013,ZZ0000000008:XETR:EUR,DEMO
2024-01-12 10:50:00+00:00,2024-01-12 10:45:00+00:00,2024-01-12,2024-01-12 08:00:00+00:00,2024-01-12 16:30:00+00:00,132.19122586187774,132.34005091714022,132.37975293241536,132.15156849411918,11614,132.31358290695678,132.36651892732365,ZZ0000000008:XETR:EUR,DEMO
2024-01-12 10:55:00+00:00,2024-01-12 10:50:00+00:00,2024-01-12,2024-01-12 08:00:00+00:00,2024-01-12 16:30:00+00:00,132.34005091714022,132.34806222833205,132.38776664700055,132.30034890186508,21650,132.3215926158864,132.3745318407777,ZZ0000000008:XETR:EUR,DEMO
2024-01-12 11:00:00+00:00,2024-01-12 10:55:00+00:00,2024-01-12,2024-01-12 08:00:00+00:00,2024-01-12 16:30:00+00:00,132.34806222833205,132.34253017558672,132.38776664700055,132.30282741653406,23033,132.3160616695516,132.36899868162183,ZZ0000000008:XETR:EUR,DEMO
2024-01-12 11:05:00+00:00,2024-01-12 11:00:00+00:00,2024-01-12,2024-01-12 08:00:00+00:00,2024-01-12 16:30:00+00:00,132.34253017558672,132.4851241080338,132.5248696452662,132.30282741653406,29814,132.4586270832122,132.5116211328554,ZZ0000000008:XETR:EUR,DEMO
2024-01-12 11:10:00+00:00,2024-01-12 11:05:00+00:00,2024-01-12,2024-01-12 08:00:00+00:00,2024-01-12 16:30:00+00:00,132.4851241080338,132.53479791382478,132.5745583531989,132.4453785708014,27428,132.508290954242,132.56130487340755,ZZ0000000008:XETR:EUR,DEMO
2024-01-12 11:15:00+00:00,2024-01-12 11:10:00+00:00,2024-01-12,2024-01-12 08:00:00+00:00,2024-01-12 16:30:00+00:00,132.53479791382478,132.6107436462084,132.65052686930224,132.49503747445064,27683,132.58422149747915,132.63726579493763,ZZ0000000008:XETR:EUR,DEMO
2024-01-12 11:20:00+00:00,2024-01-12 11:15:00+00:00,2024-01-12,2024-01-12 08:00:00+00:00,2024-01-12 16:30:00+00:00,132.6107436462084,132.65864973005662,132.69844732497563,132.57096042311454,22684,132.6321180001106,132.68518146000264,ZZ0000000008:XETR:EUR,DEMO
2024-01-12 11:25:00+00:00,2024-01-12 11:20:00+00:00,2024-01-12,2024-01-12 08:00:00+00:00,2024-01-12 16:30:00+00:00,132.65864973005662,132.74082622989064,132.7806484777596,132.61885213513762,17196,132.71427806464467,132.7673743951366,ZZ0000000008:XETR:EUR,DEMO
2024-01-12 11:30:00+00:00,2024-01-12 11:25:00+00:00,2024-01-12,2024-01-12 08:00:00+00:00,2024-01-12 16:30:00+00:00,132.74082622989064,132.83244538227038,132.87229511588507,132.7010039820217,18580,132.80587889319392,132.85901187134684,ZZ0000000008:XETR:EUR,DEMO
2024-01-12 11:35:00+00:00,2024-01-12 11:30:00+00:00,2024-01-12,2024-01-12 08:00:00+00:00,2024-01-12 16:30:00+00:00,132.83244538227038,132.67319862791044,132.87229511588507,132.63339666832206,12674,132.64666398818486,132.69973326763602,ZZ0000000008:XETR:EUR,DEMO
2024-01-12 11:40:00+00:00,2024-01-12 11:35:00+00:00,2024-01-12,2024-01-12 08:00:00+00:00,2024-01-12 16:30:00+00:00,132.67319862791044,132.79043507728213,132.8302722078053,132.63339666832206,18621,132.76387699026668,132.81699316429757,ZZ0000000008:XETR:EUR,DEMO
2024-01-12 11:45:00+00:00,2024-01-12 11:40:00+00:00,2024-01-12,2024-01-12 08:00:00+00:00,2024-01-12 16:30:00+00:00,132.79043507728213,132.73260209813492,132.8302722078053,132.69278231750548,17288,132.7060555777153,132.75914861855455,ZZ0000000008:XETR:EUR,DEMO
2024-01-12 11:50:00+00:00,2024-01-12 11:45:00+00:00,2024-01-12,2024-01-12 08:00:00+00:00,2024-01-12 16:30:00+00:00,132.73260209813492,132.6259492866599,132.77242187876436,132.5861615018739,10717,132.59942409680258,132.65247447651723,ZZ0000000008:XETR:EUR,DEMO
2024-01-12 11:55:00+00:00,2024-01-12 11:50:00+00:00,2024-01-12,2024-01-12 08:00:00+00:00,2024-01-12 16:30:00+00:00,132.6259492866599,132.66617699121747,132.70597684431482,132.5861615018739,14089,132.63964375581924,132.6927102266157,ZZ0000000008:XETR:EUR,DEMO
2024-01-12 12:00:00+00:00,2024-01-12 11:55:00+00:00,2024-01-12,2024-01-12 08:00:00+00:00,2024-01-12 16:30:00+00:00,132.66617699121747,132.72153485051,132.76135131096515,132.62637713812012,20692,132.69499054353992,132.7480791574801,ZZ0000000008:XETR:EUR,DEMO
2024-01-12 12:05:00+00:00,2024-01-12 12:00:00+00:00,2024-01-12,2024-01-12 08:00:00+00:00,2024-01-12 16:30:00+00:00,132.72153485051,132.6943556089518,132.76135131096515,132.65454730226912,17386,132.66781673783,132.7208944800736,ZZ0000000008:XETR:EUR,DEMO
2024-01-12 12:10:00+00:00,2024-01-12 12:05:00+00:00,2024-01-12,2024-01-12 08:00:00+00:00,2024-01-12 16:30:00+00:00,132.6943556089518,132.82908557502873,132.86893430070123,132.65454730226912,29870,132.80251975791373,132.85565139214373,ZZ0000000008:XETR:EUR,DEMO
2024-01-12 12:15:00+00:00,2024-01-12 12:10:00+00:00,2024-01-12,2024-01-12 08:00:00+00:00,2024-01-12 16:30:00+00:00,132.82908557502873,132.7329866144875,132.86893430070123,132.69316671850314,19570,132.7064400171646,132.75953321181038,ZZ0000000008:XETR:EUR,DEMO
2024-01-12 12:20:00+00:00,2024-01-12 12:15:00+00:00,2024-01-12,2024-01-12 08:00:00+00:00,2024-01-12 16:30:00+00:00,132.7329866144875,132.73623131213378,132.7760521815274,132.69316671850314,29174,132.70968406587136,132.7627785583962,ZZ0000000008:XETR:EUR,DEMO
2024-01-12 12:25:00+00:00,2024-01-12 12:20:00+00:00,2024-01-12,2024-01-12 08:00:00+00:00,2024-01-12 16:30:00+00:00,132.73623131213378,132.72058272481962,132.7760521815274,132.68076655000218,23214,132.69403860827467,132.74712684136458,ZZ0000000008:XETR:EUR,DEMO
2024-01-12 12:30:00+00:00,2024-01-12 12:25:00+00:00,2024-01-12,2024-01-12 08:00:00+00:00,2024-01-12 16:30:00+00:00,132.72058272481962,132.76209494776393,132.80192357624824,132.68076655000218,10807,132.73554252877437,132.78864736675348,ZZ0000000008:XETR:EUR,DEMO
2024-01-12 12:35:00+00:00,2024-01-12 12:30:00+00:00,2024-01-12,2024-01-12 08:00:00+00:00,2024-01-12 16:30:00+00:00,132.76209494776393,132.83820157224838,132.87805303272006,132.7222663192796,14068,132.81163393193393,132.86476921256283,ZZ0000000008:XETR:EUR,DEMO
2024-01-12 12:40:00+00:00,2024-01-12 12:35:00+00:00,2024-01-12,2024-01-12 08:00:00+00:00,2024-01-12 16:30:00+00:00,132.83820157224838,132.77759942122182,132.87805303272006,132.73776614139547,24115,132.75104390133757,132.80415494110608,ZZ0000000008:XETR:EUR,DEMO
2024-01-12 12:45:00+00:00,2024-01-12 12:40:00+00:00,2024-01-12,2024-01-12 08:00:00+00:00,2024-01-12 16:30:00+00:00,132.77759942122182,132.90106375979548,132.94093407892342,132.73776614139547,20902,132.87448354704352,132.92764397254743,ZZ0000000008:XETR:EUR,DEMO
2024-01-12 12:50:00+00:00,2024-01-12 12:45:00+00:00,2024-01-12,2024-01-12 08:00:00+00:00,2024-01-12 16:30:00+00:00,132.90106375979548,132.95428825241103,132.99417453888674,132.86119344066753,16035,132.92769739476054,132.98087911006152,ZZ0000000008:XETR:EUR,DEMO
2024-01-12 12:55:00+00:00,2024-01-12 12:50:00+00:00,2024-01-12,2024-01-12 08:00:00+00:00,2024-01-12 16:30:00+00:00,132.95428825241103,132.79967832545768,132.99417453888674,132.75983842196004,20441,132.7731183897926,132.82623826112277,ZZ0000000008:XETR:EUR,DEMO
2024-01-12 13:00:00+00:00,2024-01-12 12:55:00+00:00,2024-01-12,2024-01-12 08:00:00+00:00,2024-01-12 16:30:00+00:00,132.79967832545768,132.6381762459684,132.8395182289553,132.5983847930946,28059,132.61164861071921,132.66470388121758,ZZ0000000008:XETR:EUR,DEMO
2024-01-12 13:05:00+00:00,2024-01-12 13:00:00+00:00,2024-01-12,2024-01-12 08:00:00+00:00,2024-01-12 16:30:00+00:00,132.6381762459684,132.68330007469453,132.72310506471695,132.5983847930946,17774,132.6567634146796,132.70983673470946,ZZ0000000008:XETR:EUR,DEMO
2024-01-12 13:10:00+00:00,2024-01-12 13:05:00+00:00,2024-01-12,2024-01-12 08:00:00+00:00,2024-01-12 16:30:00+00:00,132.68330007469453,132.70628628222323,132.7460981681079,132.6434950846721,10902,132.6797450249668,132.73282753947967,ZZ0000000008:XETR:EUR,DEMO
2024-01-12 13:15:00+00:00,2024-01-12 13:10:00+00:00,2024-01-12,2024-01-12 08:00:00+00:00,2024-01-12 16:30:00+00:00,132.70628628222323,132.74175862308962,132.78158115067654,132.66647439633857,16219,132.715210271365,132.76830697481424,ZZ0000000008:XETR:EUR,DEMO
2024-01-12 13:20:00+00:00,2024-01-12 13:15:00+00:00,2024-01-12,2024-01-12 08:00:00+00:00,2024-01-12 16:30:00+00:00,132.74175862308962,132.78525381064327,132.82508938678646,132.7019360955027,28717,132.75869675988113,132.8118108614054,ZZ0000000008:XETR:EUR,DEMO
2024-01-12 13:25:00+00:00,2024-01-12 13:20:00+00:00,2024-01-12,2024-01-12 08:00:00+00:00,2024-01-12 16:30:00+00:00,132.78525381064327,132.85570815043334,132.89556486287847,132.74541823450008,25235,132.82913700880326,132.88227929206343,ZZ0000000008:XETR:EUR,DEMO
2024-01-12 13:30:00+00:00,2024-01-12 13:25:00+00:00,2024-01-12,2024-01-12 08:00:00+00:00,2024-01-12 16:30:00+00:00,132.85570815043334,133.00300977512413,133.04291067805667,132.81585143798821,26749,132.97640917316912,133.02961037707914,ZZ0000000008:XETR:EUR,DEMO
2024-01-12 13:35:00+00:00,2024-01-12 13:30:00+00:00,2024-01-12,2024-01-12 08:00:00+00:00,2024-01-12 16:30:00+00:00,133.00300977512413,132.93135590004164,133.04291067805667,132.89147649327163,28232,132.90476962886163,132.95794217122165,ZZ0000000008:XETR:EUR,DEMO
2024-01-12 13:40:00+00:00,2024-01-12 13:35:00+00:00,2024-01-12,2024-01-12 08:00:00+00:00,2024-01-12 16:30:00+00:00,132.93135590004164,132.85327139885587,132.97123530681165,132.8134154174362,12350,132.8267007445761,132.87984205313563,ZZ0000000008:XETR:EUR,DEMO
2024-01-12 13:45:00+00:00,2024-01-12 13:40:00+00:00,2024-01-12,2024-01-12 08:00:00+00:00,2024-01-12 16:30:00+00:00,132.85327139885587,132.78358700474422,132.89312738027553,132.7437519286428,15653,132.75703028734327,132.81014372214517,ZZ0000000008:XETR:EUR,DEMO
2024-01-12 13:50:00+00:00,2024-01-12 13:45:00+00:00,2024-01-12,2024-01-12 08:00:00+00:00,2024-01-12 16:30:00+00:00,132.78358700474422,132.86077439923721,132.900632631557,132.7437519286428,11196,132.83420224435736,132.88734655411707,ZZ0000000008:XETR:EUR,DEMO
2024-01-12 13:55:00+00:00,2024-01-12 13:50:00+00:00,2024-01-12,2024-01-12 08:00:00+00:00,2024-01-12 16:30:00+00:00,132.86077439923721,133.0397198080063,133.0796317239487,132.82091616691744,10094,133.0131118640447,133.06632775196792,ZZ0000000008:XETR:EUR,DEMO
2024-01-12 14:00:00+00:00,2024-01-12 13:55:00+00:00,2024-01-12,2024-01-12 08:00:00+00:00,2024-01-12 16:30:00+00:00,133.0397198080063,133.04037548915042,133.08028760179715,132.99980789206393,26694,133.01376741405258,133.06698356424826,ZZ0000000008:XETR:EUR,DEMO
2024-01-12 14:05:00+00:00,2024-01-12 14:00:00+00:00,2024-01-12,2024-01-12 08:00:00+00:00,2024-01-12 16:30:00+00:00,133.04037548915042,132.82085925130755,133.08028760179715,132.78101299353216,28738,132.7942950794573,132.8474234231578,ZZ0000000008:XETR:EUR,DEMO
2024-01-12 14:10:00+00:00,2024-01-12 14:05:00+00:00,2024-01-12,2024-01-12 08:00:00+00:00,2024-01-12 16:30:00+00:00,132.82085925130755,132.6863540665586,132.86070550908295,132.64654816033865,13115,132.6598167957453,132.71289133737193,ZZ0000000008:XETR:EUR,DEMO
2024-01-12 14:15:00+00:00,2024-01-12 14:10:00+00:00,2024-01-12,2024-01-12 08:00:00+00:00,2024-01-12 16:30:00+00:00,132.6863540665586,132.6443748481201,132.72615997277856,132.60458153566566,24443,132.61784597315048,132.6709037230897,ZZ0000000008:XETR:EUR,DEMO
2024-01-12 14:20:00+00:00,2024-01-12 14:15:00+00:00,2024-01-12,2024-01-12 08:00:00+00:00,2024-01-12 16:30:00+00:00,132.6443748481201,132.63161731316322,132.68416816057453,132.59182782796927,20697,132.60509098970059,132.65814363662585,ZZ0000000008:XETR:EUR,DEMO
2024-01-12 14:25:00+00:00,2024-01-12 14:20:00+00:00,2024-01-12,2024-01-12 08:00:00+00:00,2024-01-12 16:30:00+00:00,132.63161731316322,132.63470621989154,132.6744966317575,132.59182782796927,11384,132.60817927864755,132.66123316113553,ZZ0000000008:XETR:EUR,DEMO
2024-01-12 14:30:00+00:00,2024-01-12 14:25:00+00:00,2024-01-12,2024-01-12 08:00:00+00:00,2024-01-12 16:30:00+00:00,132.63470621989154,132.68523174488698,132.72503731441043,132.59491580802558,28314,132.658694698538,132.71176879123595,ZZ0000000008:XETR:EUR,DEMO
2024-01-12 14:35:00+00:00,2024-01-12 14:30:00+00:00,2024-01-12,2024-01-12 08:00:00+00:00,2024-01-12 16:30:00+00:00,132.68523174488698,132.6985809401499,132.73839051443193,132.64542617536353,27424,132.67204122396186,132.72512065633794,ZZ0000000008:XETR:EUR,DEMO
2024-01-12 14:40:00+00:00,2024-01-12 14:35:00+00:00,2024-01-12,2024-01-12 08:00:00+00:00,2024-01-12 16:30:00+00:00,132.6985809401499,132.85651605632722,132.8963730111441,132.65877136586786,21348,132.82994475311597,132.88308735953848,ZZ0000000008:XETR:EUR,DEMO
2024-01-12 14:45:00+00:00,2024-01-12 14:40:00+00:00,2024-01-12,2024-01-12 08:00:00+00:00,2024-01-12 16:30:00+00:00,132.85651605632722,132.8311676122196,132.8963730111441,132.7913182619359,24157,132.80460137869716,132.85773384574202,ZZ0000000008:XETR:EUR,DEMO
2024-01-12 14:50:00+00:00,2024-01-12 14:45:00+00:00,2024-01-12,2024-01-12 08:00:00+00:00,2024-01-12 16:30:00+00:00,132.8311676122196,132.7860320299526,132.87101696250326,132.74619622034362,17944,132.7594748235466,132.81258923635858,ZZ0000000008:XETR:EUR,DEMO
2024-01-12 14:55:00+00:00,2024-01-12 14:50:00+00:00,2024-01-12,2024-01-12 08:00:00+00:00,2024-01-12 16:30:00+00:00,132.7860320299526,132.88341321797424,132.9232782419396,132.74619622034362,25856,132.85683653533064,132.90998990061783,ZZ0000000008:XETR:EUR,DEMO
2024-01-12 15:00:00+00:00,2024-01-12 14:55:00+00:00,2024-01-12,2024-01-12 08:00:00+00:00,2024-01-12 16:30:00+00:00,132.88341321797424,132.7667245885963,132.9232782419396,132.72689457121973,18900,132.7401712436786,132.79327793351402,ZZ0000000008:XETR:EUR,DEMO
2024-01-12 15:05:00+00:00,2024-01-12 15:00:00+00:00,2024-01-12,2024-01-12 08:00:00+00:00,2024-01-12 16:30:00+00:00,132.7667245885963,132.85461249210465,132.89446887585228,132.72689457121973,29783,132.82804156960623,132.88118341460307,ZZ0000000008:XETR:EUR,DEMO
2024-01-12 15:10:00+00:00,2024-01-12 15:05:00+00:00,2024-01-12,2024-01-12 08:00:00+00:00,2024-01-12 16:30:00+00:00,132.85461249210465,132.91202373842142,132.95189734554296,132.81475610835702,11262,132.88544133367375,132.9386061431691,ZZ0000000008:XETR:EUR,DEMO
2024-01-12 15:15:00+00:00,2024-01-12 15:10:00+00:00,2024-01-12,2024-01-12 08:00:00+00:00,2024-01-12 16:30:00+00:00,132.91202373842142,132.94286902157785,132.9827518822843,132.8721501312999,13442,132.91628044777354,132.96945759538215,ZZ0000000008:XETR:EUR,DEMO
2024-01-12 15:20:00+00:00,2024-01-12 15:15:00+00:00,2024-01-12,2024-01-12 08:00:00+00:00,2024-01-12 16:30:00+00:00,132.94286902157785,133.1584936874469,133.19844123555313,132.9029861608714,29375,133.13186198870943,133.18512538618438,ZZ0000000008:XETR:EUR,DEMO
2024-01-12 15:25:00+00:00,2024-01-12 15:20:00+00:00,2024-01-12,2024-01-12 08:00:00+00:00,2024-01-12 16:30:00+00:00,133.1584936874469,133.13881884896773,133.19844123555313,133.09887720331304,15775,133.11219108519794,133.16544661273753,ZZ0000000008:XETR:EUR,DEMO
2024-01-12 15:30:00+00:00,2024-01-12 15:25:00+00:00,2024-01-12,2024-01-12 08:00:00+00:00,2024-01-12 16:30:00+00:00,133.13881884896773,133.40512795342926,133.44514949181527,133.09887720331304,16213,133.37844692783858,133.43180897901993,ZZ0000000008:XETR:EUR,DEMO
2024-01-12 15:35:00+00:00,2024-01-12 15:30:00+00:00,2024-01-12,2024-01-12 08:00:00+00:00,2024-01-12 16:30:00+00:00,133.40512795342926,133.42776269914253,133.46779102795227,133.36510641504324,25825,133.40107714660272,133.45444825168235,ZZ0000000008:XETR:EUR,DEMO
2024-01-12 15:40:00+00:00,2024-01-12 15:35:00+00:00,2024-01-12,2024-01-12 08:00:00+00:00,2024-01-12 16:30:00+00:00,133.42776269914253,133.33818094385128,133.46779102795227,133.29817948956813,13787,133.31151330766252,133.36484858004005,ZZ0000000008:XETR:EUR,DEMO
2024-01-12 15:45:00+00:00,2024-01-12 15:40:00+00:00,2024-01-12,2024-01-12 08:00:00+00:00,2024-01-12 16:30:00+00:00,133.33818094385128,133.39231865444575,133.43233635004208,133.29817948956813,20270,133.36564019071486,133.41899711817663,ZZ0000000008:XETR:EUR,DEMO
2024-01-12 15:50:00+00:00,2024-01-12 15:45:00+00:00,2024-01-12,2024-01-12 08:00:00+00:00,2024-01-12 16:30:00+00:00,133.39231865444575,133.32417310434585,133.43233635004208,133.28417585241453,15720,133.29750826972497,133.35083793896672,ZZ0000000008:XETR:EUR,DEMO
2024-01-12 15:55:00+00:00,2024-01-12 15:50:00+00:00,2024-01-12,2024-01-12 08:00:00+00:00,2024-01-12 16:30:00+00:00,133.32417310434585,133.2906589964818,133.36417035627716,133.25067179878286,13958,133.26400086468252,133.31731712828108,ZZ0000000008:XETR:EUR,DEMO
2024-01-12 16:00:00+00:00,2024-01-12 15:55:00+00:00,2024-01-12,2024-01-12 08:00:00+00:00,2024-01-12 16:30:00+00:00,133.2906589964818,133.379677103416,133.419691006547,133.25067179878286,29287,133.3530011679953,133.40635303883667,ZZ0000000008:XETR:EUR,DEMO
2024-01-12 16:05:00+00:00,2024-01-12 16:00:00+00:00,2024-01-12,2024-01-12 08:00:00+00:00,2024-01-12 16:30:00+00:00,133.379677103416,133.4856847822281,133.52573048766277,133.33966320028497,13997,133.45898764527166,133.51238191918455,ZZ0000000008:XETR:EUR,DEMO
2024-01-12 16:10:00+00:00,2024-01-12 16:05:00+00:00,2024-01-12,2024-01-12 08:00:00+00:00,2024-01-12 16:30:00+00:00,133.4856847822281,133.46596584330393,133.52573048766277,133.42592605355094,11885,133.43927265013528,133.4926590364726,ZZ0000000008:XETR:EUR,DEMO
2024-01-12 16:15:00+00:00,2024-01-12 16:10:00+00:00,2024-01-12,2024-01-12 08:00:00+00:00,2024-01-12 16:30:00+00:00,133.46596584330393,133.61819366403682,133.65827912213604,133.42592605355094,23478,133.591470025304,133.64491730276964,ZZ0000000008:XETR:EUR,DEMO
2024-01-12 16:20:00+00:00,2024-01-12 16:15:00+00:00,2024-01-12,2024-01-12 08:00:00+00:00,2024-01-12 16:30:00+00:00,133.61819366403682,133.78880013275048,133.8289367727903,133.5781082059376,27346,133.76204237272393,133.81555789277704,ZZ0000000008:XETR:EUR,DEMO
2024-01-12 16:25:00+00:00,2024-01-12 16:20:00+00:00,2024-01-12,2024-01-12 08:00:00+00:00,2024-01-12 16:30:00+00:00,133.78880013275048,133.9895054789362,134.02970233057988,133.74866349271065,12549,133.9627075778404,134.01630338003199,ZZ0000000008:XETR:EUR,DEMO
2024-01-12 16:30:00+00:00,2024-01-12 16:25:00+00:00,2024-01-12,2024-01-12 08:00:00+00:00,2024-01-12 16:30:00+00:00,133.9895054789362,134.09319057497936,134.13341853215184,133.9493086272925,24156,134.06637193686436,134.12000921309436,ZZ0000000008:XETR:EUR,DEMO
